Address,Latency
1.172.122.178-8333,271.6666666666667
100.0.15.8-8333,114.0
100.19.55.173-8333,103.8
100.6.81.194-8333,136.20754716981133
101.132.39.85-8333,469.58
101.173.40.161-8333,325.2835820895522
101.190.156.74-8333,533.375
101.200.40.4-8333,193.61428571428573
103.109.101.216-8333,221.2051282051282
103.112.29.124-8335,234.1864406779661
103.129.13.45-8333,433.9843137254902
103.137.94.237-8333,203.56435643564356
103.14.244.190-8333,164.38728323699422
103.14.71.74-8333,329.0740740740741
103.199.18.37-8333,2494.5714285714284
103.235.230.196-8333,236.98837209302326
103.239.19.142-8333,246.9318181818182
103.243.173.210-8333,163.125
103.29.69.57-8333,259.56342182890853
103.37.205.47-8333,299.3008595988539
103.57.201.91-8333,279.4246575342466
103.71.252.18-8333,206.832
103.9.174.70-8333,263.1111111111111
103.99.168.140-8333,192.44699140401147
103.99.170.220-8333,202.59121621621622
104.152.190.170-8333,122.23076923076923
104.163.204.204-8333,119.5068493150685
104.191.251.81-8333,136.61111111111111
104.194.9.86-8333,155.41595441595442
104.238.176.16-8333,5.4363636363636365
104.238.220.17-8333,150.38327526132403
104.248.16.27-8333,5.02020202020202
104.248.2.226-8333,81.34426229508196
104.248.203.202-8333,15.11864406779661
104.248.21.247-8333,5.033755274261603
104.248.245.250-8333,5.225
104.248.246.94-8333,5.140350877192983
104.254.110.227-8333,119.19444444444444
104.54.203.174-8333,136.7391304347826
105.233.37.163-8333,164.1851851851852
106.52.89.135-8333,206.9225806451613
106.72.39.130-9600,270.925
107.145.140.50-8333,130.76923076923077
107.152.234.82-8333,145.33333333333334
107.171.134.223-8334,119.5
107.181.189.37-8333,382.85897435897436
107.181.58.56-8333,127.73684210526316
107.190.47.97-8833,123.07440476190476
107.195.166.98-8333,333.6588235294118
107.2.139.165-8333,142.21428571428572
107.3.152.25-8333,166.25925925925927
107.4.112.187-8333,117.3452380952381
108.16.38.168-8333,103.73913043478261
108.160.193.48-8333,252.5
108.167.11.88-8333,150.33333333333334
108.168.125.57-8333,130.67857142857142
108.212.145.77-8333,112.92307692307692
108.222.149.83-8333,290.4485714285714
108.228.225.64-8333,159.54761904761904
108.51.101.133-8333,803.56
109.103.55.145-8333,76.2
109.153.126.139-8333,36.666666666666664
109.173.41.95-8333,51.96774193548387
109.199.241.148-8333,36.6530612244898
109.206.168.240-8333,11.923529411764706
109.207.79.248-8333,75.52887537993921
109.212.152.184-8333,55.333333333333336
109.228.190.161-8333,28.8
109.236.81.126-8333,13.84
109.236.81.138-58333,15.366762177650429
109.236.82.118-8333,14.766666666666667
109.236.90.117-8333,15.971098265895954
109.237.24.144-8333,24.0
109.238.11.95-8333,20.34710743801653
109.247.81.189-8333,42.875
109.87.11.192-8333,47.21875
109.87.166.145-8333,244.65217391304347
109.9.175.65-8333,38.943661971830984
109.99.63.159-8333,40.06413994169096
110.173.58.162-8333,203.35365853658536
110.92.64.163-8333,204.76190476190476
111.108.18.89-8333,273.7551020408163
111.220.71.156-8333,366.875
111.90.140.132-8333,172.55555555555554
111.90.140.76-8333,173.2391304347826
111.90.146.50-8333,177.5503355704698
112.78.3.184-8333,211.85714285714286
113.166.234.33-8333,244.66666666666666
113.52.135.125-8333,298.5868945868946
114.206.60.98-8333,251.51714285714286
114.23.122.174-8333,289.72727272727275
114.23.246.137-8333,291.53799392097267
116.14.61.160-8333,273.6666666666667
116.202.0.237-8333,44.60285714285714
116.202.161.56-8333,1.0
116.202.162.114-8333,1.108695652173913
116.202.196.182-8333,1.1634615384615385
116.202.51.11-8333,1.0
116.202.51.176-8333,1.513157894736842
116.202.82.177-8333,1.011111111111111
116.203.112.73-8333,3.1116751269035534
116.203.249.151-8333,1.0572916666666667
116.203.29.242-8333,3.263157894736842
117.51.159.130-8333,610.047619047619
118.163.120.179-8333,215.93617021276594
118.163.122.208-8333,212.5203761755486
118.210.115.181-8333,320.0
118.93.57.249-8333,289.29
119.18.34.97-8333,518.5
119.29.54.159-8333,212.84583333333333
119.3.208.236-8333,260.78620689655173
12.244.119.30-8333,128.17307692307693
120.79.173.243-8333,208.8375
121.89.194.147-8333,202.24285714285713
121.98.205.102-8333,319.5
121.99.185.140-8333,311.0
122.148.206.103-8333,326.12820512820514
122.199.0.104-8333,1695.3333333333333
123.118.130.106-8333,14401.0
123.203.163.128-8333,184.53846153846155
123.31.43.172-8333,224.22
128.0.190.26-8333,21.291338582677167
128.106.234.92-8333,306.3888888888889
128.116.239.2-8333,53.0
128.199.218.126-8333,171.07648725212465
128.199.234.102-8333,168.16666666666666
128.199.29.226-8333,137.92708333333334
128.199.50.213-8333,17.59903381642512
128.237.154.145-8333,1527.58
128.72.85.127-8333,50.4
128.74.15.217-8333,465.0
129.13.189.208-8333,60.343839541547275
129.21.34.19-8333,94.0
13.112.218.4-8333,248.5
13.113.116.175-8333,254.67460317460316
13.124.60.74-8333,279.6484375
13.124.74.157-8333,282.9484240687679
13.125.193.111-8333,282.0
13.209.215.189-8333,279.99333333333334
13.212.96.45-8333,174.4494382022472
13.228.130.195-8333,169.41643059490085
13.228.139.137-8333,169.25816993464053
13.228.253.91-8333,201.67567567567568
13.228.53.43-8333,168.08695652173913
13.228.91.206-8333,164.0
13.229.140.55-8333,171.73033707865167
13.229.203.245-8333,198.05714285714285
13.229.227.15-8333,168.8016877637131
13.231.190.71-8333,258.8
13.239.114.62-8333,294.39830508474574
13.251.176.17-8333,167.8561872909699
13.48.138.23-8333,26.25
13.48.25.119-8333,25.41176470588235
13.53.125.154-8333,24.9375
13.53.133.190-8333,24.671140939597315
130.211.240.7-8333,260.5416666666667
130.51.200.132-8333,141.36363636363637
131.147.86.142-8333,261.5263157894737
131.93.61.16-8333,149.22222222222223
134.0.115.57-8333,50.51162790697674
134.209.182.42-8333,22.62962962962963
134.209.188.212-8333,18.399425287356323
134.209.226.191-8333,5.357142857142857
134.209.68.4-8333,86.0
135.0.225.179-8333,4459.05
135.148.3.218-8333,94.46451612903226
135.148.37.240-8333,94.66037735849056
135.180.195.27-8333,163.69230769230768
135.181.0.151-8333,25.939655172413794
135.181.116.112-8333,26.26086956521739
135.181.164.152-8333,30.653846153846153
135.181.165.144-8333,27.357142857142858
135.181.165.182-8333,25.645833333333332
135.181.177.47-8333,25.696428571428573
135.181.41.129-8333,25.920353982300885
135.23.228.90-8333,229.56521739130434
135.23.95.229-8335,121.39285714285714
136.143.43.222-8333,14.112676056338028
136.24.119.249-8333,150.98480243161094
136.243.146.69-8333,1.04296875
136.243.151.174-8333,1.0223880597014925
136.243.176.210-8333,4.132075471698113
136.243.4.204-8333,1.9252873563218391
136.244.89.20-8333,5.0
136.34.203.180-8333,119.52941176470588
136.35.171.241-8333,129.47727272727272
136.35.204.117-8333,127.0
136.36.137.179-8333,172.42857142857142
136.37.176.126-8333,985.685
136.55.13.9-8333,108.3125
136.56.27.214-8333,105.57142857142857
136.56.7.138-8333,800.95
136.58.114.10-8333,118.90140845070422
137.25.140.167-8333,1299.134328358209
137.25.245.108-8333,180.5
137.26.100.77-8333,1696.5
137.59.187.126-8333,165.87272727272727
137.74.118.26-8333,45.98583569405099
138.197.162.209-8333,110.0
138.201.196.156-8333,1.0
138.201.206.35-8333,1.0196078431372548
138.201.207.220-8333,1.105263157894737
138.68.244.82-8333,162.78205128205127
138.68.67.3-8333,4.888888888888889
139.159.152.237-8333,222.575
139.59.247.235-8333,397.0977011494253
139.99.123.236-8333,158.1435185185185
139.99.40.151-8333,159.24757281553397
139.99.68.76-8333,158.16666666666666
14.116.205.182-8333,212.57142857142858
14.2.84.84-8333,333.6666666666667
14.203.57.50-8333,307.2638888888889
140.82.40.79-8333,98.33333333333333
140.82.62.166-8333,184.86046511627907
141.156.19.128-8333,100.5
141.164.53.145-8333,310.0
141.193.115.2-8333,194.92634560906515
142.105.27.218-8333,116.0
142.126.201.80-8333,101.41176470588235
142.202.241.37-8333,144.6315789473684
142.4.212.172-8333,163.18367346938774
142.54.181.218-8333,115.51351351351352
142.93.70.145-30200,81.43877551020408
143.198.77.30-8333,3178.6666666666665
143.59.248.153-8333,132.9189189189189
144.137.29.181-8333,304.92384105960264
144.172.126.116-8333,125.24579124579125
144.76.107.242-8333,1.0442477876106195
144.76.12.6-8333,1.0
144.76.136.174-8333,1.051094890510949
144.76.15.240-8333,1.0
144.76.156.185-8333,1.024390243902439
144.76.16.52-8333,1.0533333333333332
144.76.234.57-8333,1.0
144.76.39.233-8333,1.3076923076923077
144.76.71.116-33354,1.0
144.76.84.234-8333,1.0
144.76.9.243-8333,1.0214285714285714
144.76.92.36-8333,1.0
144.76.98.163-8333,54.29032258064516
144.91.67.109-8333,236.79597701149424
144.91.82.22-8333,19.31132075471698
144.91.87.159-8333,160.05555555555554
144.91.95.185-8333,20.568627450980394
145.132.50.204-8333,24.037735849056602
145.14.192.206-8333,25.136363636363637
145.239.1.94-8333,6.65625
145.239.119.216-8334,17.36231884057971
145.239.119.216-8336,18.64450867052023
145.239.133.16-8333,25.655172413793103
145.239.254.226-8333,17.92
145.239.9.3-8333,13.786931818181818
147.135.136.53-8333,13.869918699186991
148.170.212.44-8333,139.01492537313433
148.251.110.53-8333,3.0
148.251.110.54-8333,3.0285714285714285
148.251.131.164-8333,1.0851063829787233
148.251.178.72-8433,1.0232558139534884
148.251.186.234-8333,1.0
148.251.186.36-8333,1.0
148.251.236.212-8333,1.0
148.251.237.73-8333,37.666666666666664
148.251.48.231-8333,5.051282051282051
148.251.75.60-8333,1.5555555555555556
148.251.82.174-8333,1.7268518518518519
148.251.83.196-8333,1.0
148.66.57.202-8333,200.13223140495867
148.66.58.138-8333,199.33695652173913
149.210.189.102-8333,12.2953216374269
149.248.7.219-8333,156.15
149.28.46.48-8333,82.42776203966005
149.28.55.109-8333,120.68571428571428
149.81.153.3-8333,14.506787330316742
151.0.238.45-8333,21.433333333333334
151.106.34.139-8333,6.662280701754386
151.20.160.72-8333,166.40243902439025
151.205.188.39-8333,109.6842105263158
151.41.169.129-8333,286.9
151.42.248.166-8333,737.0
151.64.197.51-8333,21.0
151.80.34.113-8333,13.616822429906541
151.95.108.206-8333,23.666666666666668
152.168.230.130-8333,4133.333333333333
154.20.3.240-8333,168.96
154.209.4.76-8333,218.52147239263803
154.65.14.19-8333,194.06552706552708
154.8.232.212-8333,223.84177215189874
155.138.175.7-8333,113.85
156.236.73.247-8333,265.0
157.131.205.144-8333,171.8
157.138.20.22-8333,37.11764705882353
157.230.144.234-8333,164.87755102040816
157.230.221.126-8333,80.82068965517242
157.245.140.86-8333,80.91091954022988
157.90.126.249-8333,3.0
157.90.40.117-8333,3.0
157.90.5.235-8333,1.0
157.90.92.214-8333,1.0
158.58.188.37-8333,107.89473684210526
158.69.72.5-8333,95.92996108949416
158.69.79.136-8333,95.18103448275862
159.100.255.18-8333,11.400568181818182
159.196.121.245-8333,254.63636363636363
159.196.228.157-8333,282.32608695652175
159.2.134.70-8333,121.0
159.224.145.249-8333,1859.5
159.250.153.179-8333,142.83333333333334
159.250.153.179-8444,143.8
159.65.107.84-8333,163.17977528089887
159.65.135.148-8333,169.68857142857144
159.65.221.193-8333,205.43975903614458
159.65.24.5-8333,19.695652173913043
159.65.99.102-8333,167.89296636085626
159.69.115.164-8333,1.0
159.89.121.240-8333,108.88695652173914
159.89.183.74-8333,81.3323782234957
160.16.110.6-8333,257.63492063492066
160.16.219.87-8333,252.34582132564842
160.2.202.163-8333,187.5
161.35.180.237-8333,82.27272727272727
161.35.232.202-8333,168.26666666666668
161.53.201.178-8333,34.62841530054645
161.97.101.36-8333,8.5
161.97.107.17-8333,9.571428571428571
161.97.109.229-8333,9.20253164556962
161.97.141.29-8333,19.02127659574468
161.97.160.72-8333,15.955223880597014
161.97.161.74-8333,15.866666666666667
161.97.162.130-8333,16.189655172413794
161.97.70.157-8333,9.385245901639344
161.97.80.33-8333,8.346153846153847
162.0.210.82-8333,143.94444444444446
162.0.211.61-8333,151.2941176470588
162.0.213.26-8333,153.45454545454547
162.0.220.13-8333,143.51612903225808
162.0.220.156-8333,144.1
162.0.226.225-8333,148.5185185185185
162.0.226.57-8333,155.59285714285716
162.0.227.68-8333,150.74774774774775
162.0.233.227-30641,154.77075098814228
162.0.234.154-8333,152.70731707317074
162.156.219.13-8333,98.95283018867924
162.196.143.112-8332,137.57142857142858
162.209.1.233-8333,100.86494252873563
162.218.218.163-8333,138.16666666666666
162.227.162.49-8333,153.0
162.227.78.128-8333,177.30769230769232
162.243.172.179-8333,81.15714285714286
162.244.80.124-8333,102.5813953488372
162.244.80.208-8333,88.45014245014245
162.253.155.79-8333,183.56603773584905
162.255.137.142-8333,131.14736842105262
162.62.18.226-8333,39.47308781869688
163.158.202.112-8333,13.533898305084746
163.172.5.199-8333,16.21212121212121
163.172.61.154-8333,18.38
164.132.81.146-8333,138.66666666666666
164.68.124.225-8333,10.787878787878787
165.22.110.45-8333,169.14285714285714
165.22.193.24-8333,16.666666666666668
165.22.44.115-8333,81.31313131313131
165.227.145.138-8333,5.425675675675675
165.227.162.81-8333,5.0
165.227.203.131-8333,81.19658119658119
165.227.24.42-8333,164.456338028169
165.227.25.162-8333,164.95379537953795
167.132.252.225-8333,131.00653594771242
167.172.163.167-8333,5.071428571428571
167.172.61.145-8333,18.5
167.172.78.73-8333,172.7550432276657
167.179.180.94-8333,264.0
167.71.219.179-8333,172.88728323699422
167.71.7.109-8333,16.95138888888889
167.86.90.239-8333,20.86743515850144
167.99.39.114-8333,17.63953488372093
167.99.52.178-8333,97.97727272727273
168.119.0.182-8333,1.0
168.119.158.57-8333,1.043859649122807
168.119.18.7-8333,3.2176165803108807
168.119.79.89-8333,1.0
169.0.67.76-8333,188.07692307692307
170.75.163.136-8333,98.0
171.97.12.94-8333,207.0
172.103.172.26-8333,221.27
172.104.151.93-8333,108.71244635193133
172.104.81.87-8333,257.2717391304348
172.105.180.126-8555,295.70949720670393
172.105.21.216-8333,105.562874251497
172.91.99.51-8333,10820.888888888889
173.14.194.246-8333,134.5
173.17.69.206-8333,123.92307692307692
173.206.200.13-8333,149.88372093023256
173.212.193.159-8333,201.47826086956522
173.212.221.13-8333,37.76470588235294
173.212.235.237-8333,21.25438596491228
173.212.245.133-8333,20.669603524229075
173.212.247.235-8333,24.954545454545453
173.212.253.137-8333,14.113636363636363
173.230.157.253-8333,155.75988700564972
173.231.10.146-8633,137.01492537313433
173.231.60.106-8333,137.61904761904762
173.249.0.235-8333,14.067796610169491
173.249.25.217-8333,115.20285714285714
173.249.46.22-8333,12.640579710144927
173.249.5.217-8333,9.234463276836157
173.249.59.148-8333,12.247838616714697
173.255.194.65-8333,124.75
173.255.204.124-8333,126.46742209631728
173.66.5.31-8333,98.04545454545455
173.68.142.210-8333,95.5
173.69.174.252-8333,172.04273504273505
173.73.255.10-8333,97.2
173.76.200.174-8333,104.65
173.79.107.81-8333,95.66363636363636
173.82.236.175-8333,145.33333333333334
174.20.176.52-8333,121.25
174.21.65.31-8333,169.0
174.3.4.232-8333,164.04255319148936
174.51.223.204-8333,139.1818181818182
176.107.178.164-8333,35.47826086956522
176.119.26.12-8333,33.8955223880597
176.160.228.9-8333,20.285714285714285
176.191.182.3-8333,24.112068965517242
176.223.135.96-8333,27.666666666666668
176.223.137.37-8333,28.514285714285716
176.31.121.62-8333,15.645833333333334
176.31.236.182-8333,13.41156462585034
176.36.81.57-8333,55.089285714285715
176.37.99.111-8333,33.54545454545455
176.74.240.113-8333,13.761904761904763
176.85.238.243-8333,2615.8333333333335
176.9.120.149-8333,1.0
176.9.155.247-8333,1.0
176.9.22.148-8333,1.7552447552447552
176.9.28.155-8333,1.2468354430379747
176.9.28.202-8333,1.1806451612903226
176.9.38.164-8333,3.4173553719008263
176.9.47.132-8333,1.0
176.9.63.112-8333,1.5576923076923077
176.9.80.243-8333,7.884353741496598
176.9.84.152-8333,1.1111111111111112
176.9.84.209-8333,44.57142857142857
176.9.86.53-8333,1.0
176.95.67.190-8333,8.471428571428572
176.97.247.9-8333,767.75
176.99.10.22-8344,42.159574468085104
176.99.2.207-8333,45.47941176470588
177.43.223.91-8333,249.26315789473685
177.52.173.62-8333,232.6140350877193
178.128.155.152-8333,149.0
178.128.58.95-8333,176.75
178.128.77.226-8333,160.85826771653544
178.132.1.55-8333,13.75
178.150.96.46-8333,52.25
178.169.252.7-8333,35.8
178.183.99.149-8333,129.75
178.212.192.118-8333,43.5
178.238.237.56-8333,14.880645161290323
178.252.122.139-8333,41.0
178.27.103.45-8333,156.16666666666666
178.32.58.209-8333,14.229461756373938
178.33.228.210-8333,14.444444444444445
178.33.232.69-8333,13.833333333333334
178.39.116.98-8333,652.4736842105264
178.39.30.209-8333,17.25
178.41.219.213-8333,31.0
178.49.120.199-8333,5625.0
178.62.203.116-8333,15.412140575079873
178.62.213.120-8333,17.34090909090909
178.62.81.236-8333,20.074498567335244
178.63.2.220-8333,1.0
178.63.247.209-8333,1.0
178.63.40.220-8333,1.1846153846153846
178.63.69.252-8333,1.0
178.63.98.228-8333,1.0301724137931034
178.78.243.147-8333,39.68421052631579
178.78.97.187-8333,32.73170731707317
178.84.26.71-8333,32.152542372881356
178.85.103.251-8333,50.65925925925926
178.85.82.198-8333,43.111111111111114
178.85.97.102-8333,24.6
18.136.144.35-8333,171.20343839541547
18.162.184.105-8333,201.41666666666666
18.162.208.153-48332,201.39943342776203
18.162.208.153-48334,200.6757575757576
18.179.206.81-8333,254.31728045325778
18.179.39.98-8333,255.64183381088824
18.180.59.174-8333,259.1666666666667
18.188.10.196-8333,105.68181818181819
18.189.25.243-8333,104.46153846153847
18.191.109.28-8333,106.51412429378531
18.193.6.164-8333,5.243055555555555
18.194.12.219-48533,5.156351791530945
18.198.93.234-8333,5.458646616541353
18.200.177.101-8333,28.111428571428572
18.203.235.181-8333,28.0
18.206.238.251-8333,93.3019943019943
18.208.206.146-8333,93.38904899135447
18.221.51.155-8333,106.85882352941177
18.224.185.112-8333,106.3019943019943
18.228.122.94-8333,207.5
18.232.177.20-8333,93.35410764872522
18.232.70.84-8333,94.125
180.150.86.215-8333,252.38071065989848
180.152.235.167-8333,208.8
180.215.214.88-8333,275.5632183908046
181.238.51.152-8333,264.74342105263156
181.45.71.86-8333,242.046875
184.105.70.100-8333,149.63037249283667
184.152.170.168-8333,99.73684210526316
184.154.94.218-8333,110.78
184.162.188.32-8333,119.91803278688525
184.170.175.217-8333,110.03703703703704
184.175.55.105-8333,119.03703703703704
185.104.180.7-8333,33.42776203966006
185.107.83.55-8333,214.26074498567334
185.108.244.41-8333,430.83185840707966
185.128.247.216-8333,31.8
185.134.213.130-8333,28.55128205128205
185.146.159.217-33333,43.330827067669176
185.148.3.227-8333,25.684971098265898
185.150.162.111-8333,181.34722222222223
185.154.2.3-8333,320.4347826086956
185.159.81.162-8333,15.108695652173912
185.165.168.196-8333,29.354466858789625
185.165.243.76-8333,16.39325842696629
185.174.171.152-8333,12.0
185.176.220.175-8333,30.703125
185.177.124.144-8333,17.407692307692308
185.18.212.187-8333,85.4888888888889
185.180.196.143-8333,16.17241379310345
185.180.220.12-8333,19.17391304347826
185.180.222.203-8333,15.9
185.185.26.141-8111,2.3121387283236996
185.19.29.110-8333,29.763688760806918
185.198.58.47-8333,31.783882783882785
185.204.197.246-8333,77.9
185.210.224.102-8333,32.66949152542373
185.217.241.142-8333,32.96857142857143
185.220.156.193-8333,16.627906976744185
185.226.196.211-8333,59.078947368421055
185.227.108.54-8333,5.892857142857143
185.238.128.119-8333,15.38888888888889
185.238.128.48-8333,17.121794871794872
185.244.217.172-8333,12.8
185.25.224.202-8333,21.270655270655272
185.25.48.184-8333,32.354166666666664
185.250.148.157-8333,46.12903225806452
185.254.97.164-8333,15.8
185.5.55.45-8333,29.165137614678898
185.66.180.33-8333,22.95111111111111
185.78.209.27-8333,43.65502183406114
185.8.172.118-8333,204.49333333333334
185.98.191.188-8333,340.0625
186.1.41.130-8333,179.13953488372093
186.249.217.25-8333,205.75
188.112.145.230-8333,32.0
188.117.245.195-8333,22.0
188.121.252.236-8333,36.84615384615385
188.127.183.29-8333,33.0
188.134.74.188-8333,48.6
188.154.206.50-8333,24.181818181818183
188.155.100.240-8333,37.0
188.155.218.95-8333,60.28947368421053
188.165.248.49-8333,14.565217391304348
188.190.234.13-8333,33.583333333333336
188.193.103.156-8333,24.235294117647058
188.214.132.45-8333,33.10948905109489
188.226.138.37-8333,20.264705882352942
188.230.155.0-8333,41.67741935483871
188.241.48.201-8333,40.84581497797357
188.246.20.122-8333,28.218068535825545
188.251.29.7-8333,49.42857142857143
188.26.196.193-8333,41.0
188.26.86.244-8333,50.361702127659576
188.35.165.21-8333,51.145833333333336
188.37.190.74-8333,289.8709677419355
188.37.24.190-8333,48.59683794466403
188.40.193.28-8333,1.0
188.42.190.228-8333,11.045714285714286
188.68.53.44-8333,4.346590909090909
188.81.227.188-8333,63.2
190.100.170.253-8333,3259.8809523809523
190.105.164.11-8333,240.36
190.145.128.22-8333,160.4
190.177.12.188-8333,225.0
190.19.27.94-8333,245.0
190.196.60.122-8333,235.48985507246377
190.2.130.44-8333,15.746323529411764
190.2.134.140-8333,15.588235294117647
190.2.140.148-8333,14.513513513513514
190.2.140.27-8333,18.615384615384617
190.2.150.132-8333,17.504322766570606
190.245.217.9-8333,252.0857142857143
190.73.12.20-8333,251.22222222222223
191.34.107.211-8333,213.0
192.144.234.119-8333,239.0
192.146.137.18-8333,27.821529745042493
192.166.219.200-8333,70.11827956989248
192.182.157.119-8333,151.84285714285716
192.227.80.83-8333,123.0974212034384
192.241.137.219-8333,81.02388059701492
192.3.124.227-8333,107.95652173913044
192.3.185.210-8333,99.00313479623824
192.3.28.114-8333,92.75
192.64.113.72-8333,144.6
192.69.179.220-8333,117.27272727272727
192.95.24.39-8333,95.68
192.99.135.207-8333,96.3030303030303
192.99.32.109-8333,94.43521594684385
193.106.29.2-8333,37.2816091954023
193.106.30.90-8333,37.32951289398281
193.138.218.72-8333,32.967213114754095
193.154.222.208-8333,20.0
193.28.89.224-8333,27.14814814814815
193.29.13.84-8333,47.41935483870968
193.29.187.74-8333,36.2
193.34.166.96-8333,20.6
193.37.215.67-8333,55.0655737704918
193.42.110.30-8333,12.13314447592068
193.42.110.30-8334,11.488888888888889
193.46.2.17-8333,31.571428571428573
193.58.196.212-8333,891.3793103448276
193.77.117.97-8333,66.12280701754386
194.106.127.43-8333,46.857142857142854
194.109.20.68-8333,11.97134670487106
194.11.225.53-8333,53.49090909090909
194.14.246.52-8333,33.42857142857143
194.187.128.155-8515,34.41379310344828
194.187.224.131-8333,155.55555555555554
194.219.62.23-8333,76.31858407079646
194.247.13.8-8333,729.0
194.33.83.20-8333,22.0
194.36.91.253-8333,80.39204545454545
194.59.204.187-8333,6.629310344827586
195.154.164.243-8333,58.03988603988604
195.154.187.6-8333,18.471751412429377
195.154.80.143-8333,20.041666666666668
195.201.130.1-8333,2.9726027397260273
195.201.164.162-8333,1.0271186440677966
195.201.217.17-8333,3.2976190476190474
195.201.240.107-8333,1.145631067961165
195.201.95.119-8333,4.584507042253521
195.202.169.149-8333,20.16417910447761
195.206.105.22-8333,39.214285714285715
195.211.160.6-8333,77.0
195.211.161.124-8333,84.31147540983606
195.213.173.11-8333,36.0
195.214.157.34-8333,44.4
195.56.63.6-8333,46.861111111111114
195.69.170.8-8333,76.0
196.25.230.69-8333,195.33333333333334
197.245.31.181-8333,213.57142857142858
198.178.120.5-8112,119.4
198.199.108.36-8333,148.2
198.199.79.31-8333,82.3125
198.204.233.157-8333,121.56410256410257
198.211.102.227-8333,81.00287356321839
198.245.60.212-8333,93.32432432432432
198.245.62.75-8333,99.80392156862744
198.27.83.210-8333,94.71637426900585
198.44.161.178-18333,243.20289855072463
198.48.229.46-8333,120.5
198.98.61.175-8333,23510.6
199.192.20.201-8333,150.9
199.247.29.89-8333,11.580152671755725
199.249.111.245-8333,99.69811320754717
199.68.196.66-8333,150.5
2.152.78.124-8333,191.27027027027026
2.153.80.222-8333,110.9625
2.220.253.112-8333,33.05
2.24.4.89-8333,32.28
2.34.104.169-8333,19.512820512820515
2.34.115.234-8333,397.0
2.39.173.126-8333,38.34653465346535
2.56.99.239-8333,3.1766381766381766
2.81.171.222-8333,49.5
2.85.249.15-8333,52.5
20.184.15.116-8433,156.45089285714286
200.7.175.250-8333,237.33333333333334
2001-14ba-100-0-daf7-e15a-e81d-2b81-8333,45.0
2001-14ba-1ec8-5100-250-56ff-fe9a-60b5-8333,55.07142857142857
2001-1608-1b-f9--1-17482,312.27710843373495
2001-19f0-5-41e1-5400-3ff-fe46-e12a-8333,99.5
2001-19f0-5801-12e2-5400-2ff-feb0-e8ad-8333,301.35483870967744
2001-19f0-5801-a08-5400-2ff-fe41-b5f2-8333,290.7477477477477
2001-1b60-1010-2-1011-b42d-d0ec-afe8-8333,77.5
2001-41d0-1-792b--1-8333,13.663522012578616
2001-41d0-1-81b1--1-8333,65.3125
2001-41d0-1-b40d--1-8333,13.966101694915254
2001-41d0-1004-74e---8333,13.988668555240793
2001-41d0-1008-494---8333,13.380622837370241
2001-41d0-2-2282--1-8333,14.82857142857143
2001-41d0-2-34b7--1-8333,14.456692913385826
2001-41d0-2-bf8f---8333,13.919308357348703
2001-41d0-2-c331--1-8333,14.565217391304348
2001-41d0-2-d41c--1-8333,13.444126074498568
2001-41d0-2-e4d4---8333,13.57857142857143
2001-41d0-2-ecc4--1-8333,14.5
2001-41d0-2-fd06---8333,14.363636363636363
2001-41d0-203-180e---8333,13.425742574257425
2001-41d0-203-22bf---8333,13.652173913043478
2001-41d0-303-4c49---8333,13.931034482758621
2001-41d0-303-5fcd---8333,13.284210526315789
2001-41d0-303-6323---8333,14.55072463768116
2001-41d0-303-6409---8333,14.705882352941176
2001-41d0-303-6826---8333,13.941176470588236
2001-41d0-303-d80a---8333,13.653465346534654
2001-41d0-602-1a2---8333,23.857142857142858
2001-41d0-602-21cc---8333,23.076923076923077
2001-41d0-602-237---8333,23.780979827089336
2001-41d0-602-25d4---8333,24.4
2001-41d0-700-1e47---8333,6.526315789473684
2001-41d0-700-1f09---8333,81.67857142857143
2001-41d0-700-2ed2---8333,6.626865671641791
2001-41d0-8-6a1b---8333,13.63716814159292
2001-41d0-8-90d4--1-8333,31.344594594594593
2001-41d0-8-9521--1-8333,153.34594594594594
2001-41d0-8-9c6e--1-8333,14.080229226361032
2001-41d0-8-b9d8--1-8333,31.630769230769232
2001-41d0-8-c697--1-8333,13.807580174927114
2001-41d0-8-cdd7---8333,14.754716981132075
2001-41d0-8-d444--1-8333,15.172413793103448
2001-41d0-8-d644--1-8333,15.991428571428571
2001-41d0-800-10c0---8333,17.83116883116883
2001-41d0-800-1596---8333,19.0
2001-41d0-800-15d1---8333,17.220689655172414
2001-41d0-800-1f6c---8333,19.333333333333332
2001-41d0-a-4c49--82-8333,14.0
2001-41d0-a-f352--1-8333,17.886627906976745
2001-41d0-a-f872--1-8333,14.969924812030076
2001-41d0-a-f9cd--1-8333,19.875
2001-41d0-c-ad2---8333,13.216783216783217
2001-41f0--62-6974-636f-696e-8333,28.439306358381504
2001-458-20-100--210-8333,86.33333333333333
2001-470-1f15-e65-b00b-7ee9-8e6d-1d0e-8333,64.14814814814815
2001-470-1f1d-61f-cd1a--bc1-8333,69.9090909090909
2001-470-27-79--2-8333,49.22857142857143
2001-470-6f-3b3-9e-5b0e-7e0a-20fe-8303,24.0
2001-470-6f-7a5--cafe-8333,38.142857142857146
2001-470-7ee6-1006--2-8333,30.076923076923077
2001-470-8-bd3-459f-8fe8-444d-baf1-8333,101.0
2001-470-b-88b--1-8333,155.55
2001-470-d-99d-105a-224e-995c-77a5-8333,302.5833333333333
2001-470-e1e1-1-c23e-baff-fe8a-4feb-8333,108.66666666666667
2001-4801-7819-74-b745-b9d5-ff10-aaec-8333,113.61538461538461
2001-4b98-dc0-51-216-3eff-fe72-2b13-8333,37.870370370370374
2001-4ba0-ffec-b9--1-8333,23.587719298245613
2001-4ba0-fffa-5d--93-8333,13.848571428571429
2001-4c48-2-8400-0-1-14fb-1bcc-8332,25.15625
2001-638-a000-b101--2b3d-8333,11.147465437788018
2001-648-2050-4004-ac1e-5332-811b-b43f-8333,2459.0
2001-648-2800-131-4b1f-f6fc-20f7-f99f-8333,50.76190476190476
2001-678-7dc-8--2-8333,32.60526315789474
2001-67c-2db8-6--36-8333,41.03734439834025
2001-8003-58d7-f01--11-ffd1-8333,399.48148148148147
2001-8b0-1596-ff02--4-8333,28.431818181818183
2001-984-a4e3-1-c505-37a2-c953-2a55-8333,16.232558139534884
2001-985-55a0-1--2-8333,14.591304347826087
2001-999-50-1805-50d3-c389-aecc-c1e1-8333,50.0
2001-a61-1216-c901-4e52-62ff-fea5-45a4-8333,8.5
2001-b07-6461-7811-1089-e9dd-b8b0-475-8333,237.46153846153845
2001-b07-a99-b3e3-8b39-7f4-a88c-d454-8333,27.5
2001-ba8-1f1-f069--2-8333,16.791666666666668
2001-bc8-1200-0-dac4-97ff-fe2a-3554-20008,15.914529914529915
2001-bc8-1828-e05--1-8333,12.266666666666667
2001-bc8-323c-100---8333,37.43333333333333
2001-bc8-6005-0-529a-4cff-fe87-d851-8333,16.2
2001-bc8-6010-207-c4d6-4ef9-2faa-e13f-8333,18.803030303030305
2001-bc8-608-641--1-8333,16.273026315789473
2001-d08-d3-cb53-2d53-dd64-c160-85f-8333,203.0
2002-42f0-edac--42f0-edac-8333,439.9230769230769
2002-42f0-edb4--42f0-edb4-8333,694.8823529411765
2002-505d-d5f6--505d-d5f6-8333,58.88135593220339
2002-5bc-3e12--5bc-3e12-8333,62.8
2002-5be8-6974--5be8-6974-8333,17.60805860805861
2002-5dbd-91a9--5dbd-91a9-8333,43.13953488372093
2002-5dbe-8c0e--5dbe-8c0e-8333,16.121951219512194
2002-88f3-2a9c--88f3-2a9c-8333,31.25581395348837
2002-c338-3f0a--c338-3f0a-8333,38.38683127572016
2002-de7a-3128--de7a-3128-8333,275.25
2003-dc-2f01-8300-4ecc-6aff-fe25-c9a3-8333,21.365384615384617
201.231.133.246-8333,233.5
201.234.224.223-8333,180.43589743589743
203.123.125.91-8333,262.7391304347826
203.218.175.49-8333,211.9
203.86.204.176-8333,295.55555555555554
204.107.27.43-8333,15.403409090909092
204.12.207.91-8333,119.30835734870317
204.14.245.176-8333,88.592
204.15.11.8-8333,147.99425287356323
205.178.63.192-8333,122.63247863247864
206.124.149.66-8333,153.12209302325581
206.188.144.184-8333,125.26666666666667
206.189.171.241-8333,190.3846153846154
206.189.180.73-8333,80.875
206.189.217.82-8333,161.0
206.189.231.138-8333,81.18867924528301
206.189.62.190-8333,5.027777777777778
206.189.83.36-8333,3121.5
206.252.192.10-8333,81.4054054054054
206.252.192.5-8333,83.33333333333333
206.54.209.61-8333,136.35294117647058
206.55.210.10-8333,116.66666666666667
207.136.64.4-8333,227.1818181818182
207.180.227.204-8333,8.333333333333334
207.180.244.165-8333,24.358381502890172
207.180.251.11-2333,13.911931818181818
207.182.146.130-8333,102.66666666666667
207.229.46.80-8333,138.7
207.246.83.125-8333,82.7
208.69.42.145-8333,578.1904761904761
208.73.1.142-8333,122.0
208.81.1.105-8333,115.94571428571429
208.93.231.240-8333,154.03663003663004
208.94.243.66-8333,114.47826086956522
209.127.20.106-8333,100.44904458598727
209.188.18.218-8333,142.3030303030303
209.239.115.243-8333,120.0
209.250.241.254-8333,11.492795389048991
209.58.145.157-8333,122.18518518518519
209.97.137.55-8333,18.819148936170212
209.97.150.240-8333,81.11494252873563
210.105.193.8-8333,280.8543689320388
210.212.232.140-8333,163.75
210.90.238.37-8333,506.3333333333333
211.149.139.115-8333,241.0
212.109.198.157-33333,43.977653631284916
212.129.56.216-8333,17.454545454545453
212.186.199.76-8333,1788.162162162162
212.227.211.87-8333,27.5
212.47.247.105-8333,17.97457627118644
212.51.144.42-8333,13.022792022792023
212.51.146.55-8333,38.06666666666667
212.51.156.24-8333,10.6
212.64.198.41-8333,45.53488372093023
212.73.150.21-8333,52.697095435684645
212.9.185.194-8333,9.042735042735043
212.91.163.140-8333,43.51923076923077
213.10.100.182-8333,23.866666666666667
213.10.181.49-8333,15.765714285714285
213.109.160.48-8333,3.002840909090909
213.111.76.216-8528,37.77777777777778
213.123.60.59-8333,33.05607476635514
213.125.67.108-8333,27.64957264957265
213.136.71.124-8333,499.0
213.136.74.241-8333,14.333333333333334
213.136.80.134-8333,14.74766355140187
213.142.185.1-8333,17.10919540229885
213.152.106.56-8333,11.131313131313131
213.155.3.216-8333,42.82102272727273
213.159.199.54-8333,73.0
213.159.204.3-62166,59.0625
213.174.156.72-8333,90.47550432276657
213.180.70.138-8333,35.19230769230769
213.193.83.251-8333,19.68857142857143
213.195.127.172-8333,195.32432432432432
213.214.66.182-8333,37.45161290322581
213.219.144.164-8333,107.61363636363636
213.239.196.9-8333,6.980952380952381
213.239.201.46-8333,1.4285714285714286
213.239.208.9-8333,1.0
213.239.214.70-8333,3.206303724928367
213.47.114.114-8333,28.908309455587393
213.47.64.105-8333,39.9533527696793
213.91.221.54-8333,248.14285714285714
213.93.145.183-8333,22.32716049382716
216.186.163.19-8333,127.63265306122449
216.189.153.64-8333,174.14285714285714
216.226.128.189-8333,111.2816091954023
216.232.223.30-8333,174.2
216.67.22.135-8333,214.16666666666666
216.71.197.245-8333,142.75
217.11.249.81-8333,11.296703296703297
217.169.3.167-8333,32.62222222222222
217.182.172.117-8333,54.62189054726368
217.182.198.228-8333,6.428571428571429
217.20.130.72-8333,31.82051282051282
217.209.85.167-8333,95.09497206703911
217.23.4.32-8333,17.973837209302324
217.23.6.148-8333,16.636363636363637
217.251.134.27-8333,2600.714285714286
217.87.216.66-8333,21.357142857142858
218.103.184.208-8333,196.68
218.255.242.114-8333,178.0
219.78.69.171-8333,186.66666666666666
220.133.39.61-8333,294.08211143695013
220.135.81.163-8333,232.72081218274113
220.84.76.77-8333,278.7857142857143
221.139.50.13-8333,249.5257142857143
221.219.99.1-2001,256.0
222.161.26.253-8333,264.73333333333335
222.186.150.130-8333,203.88235294117646
23.113.163.197-8333,116.97916666666667
23.119.126.20-8333,155.5
23.175.0.212-8333,153.0
23.233.55.92-8333,142.6875
23.233.62.9-8333,128.1
23.95.207.214-8333,155.19710144927535
24.103.166.34-8333,121.6470588235294
24.107.23.133-8333,138.78125
24.11.124.75-8333,161.71014492753622
24.113.137.192-8333,171.66666666666666
24.116.153.115-8333,188.6315789473684
24.131.39.65-8400,120.9245283018868
24.133.8.28-8333,74.66666666666667
24.148.52.186-8333,119.47368421052632
24.184.0.146-8333,100.93023255813954
24.2.117.135-8333,121.33333333333333
24.215.81.255-8333,140.21428571428572
24.226.68.134-8333,120.94871794871794
24.23.133.203-8333,178.76344086021504
24.23.226.178-8333,172.5
24.237.96.82-8333,208.6
24.241.102.26-8333,139.6764705882353
24.251.26.78-8333,1362.2857142857142
24.254.38.127-8333,136.66666666666666
24.5.159.247-8333,166.8
24.55.154.69-8555,108.25490196078431
24.6.89.155-8333,166.22222222222223
24.70.96.78-8333,186.39285714285714
24.88.201.149-8333,113.83333333333333
24.92.157.192-8333,177.68269230769232
2400-2410-30e0-6500-ca4-693d-aa25-e3d4-8333,274.39473684210526
2400-8904--f03c-92ff-fe4f-4bb1-8333,129.0
2401-d002-2102-1-e2d5-5eff-fe25-7a3b-8333,389.8
2401-d002-3902-700-d72c-5e22-4e95-389d-8333,269.6363636363636
2402-1f00-8001-91---8333,158.16666666666666
2403-3600-1100-ff-200-0-99-b2a4-8333,336.2413793103448
2403-5800-9100-f300--bcbc-8333,278.15646258503403
2405-6580-2140-3a00-c28c-983-364b-5d70-8333,418.2105263157895
2405-9800-b911-a18a-58eb-cd3c-9d82-ea4a-8333,200.33333333333334
2408-820c-2710-f9af-216-3eff-fe7a-5ae0-8333,340.5
2409-8a28-8dc-4f22-824-7dff-fe2a-26ee-8333,231.0
240e-d9-c200-10b-6c4d--280-8333,301.0
24nlpnrrknjrtwg2.onion-8333,151.0
24phm2qkeylgorlw.onion-8333,481.45454545454544
2600-1700-1890-fb40--10-8333,125.66666666666667
2600-1700-22f1-641f-e8-39c8-eb1d-a1eb-8333,156.79527559055117
2600-1700-9ce6-3000--49-8333,113.33333333333333
2600-1700-daa-90-c78b-ecad-d575-db1b-8333,126.875
2600-3c00--f03c-92ff-fe92-2745-8333,125.0
2600-6c4a-5e7f-8420--60-8333,126.9342105263158
2600-8800-3880-c-e5f0-227e-ae3e-d67-8333,157.5
2601-442-c300-124-7c76-77cc-9d1f-6b1-8333,131.0
2602-ffb6-4-942d-f816-3eff-fece-6933-8333,115.09859154929578
2602-ffb8--208-72-57-200-8333,84.35416666666667
2603-301f-1ebf-e000-e23f-49ff-fee7-7431-8333,119.33962264150944
2603-80a0-703-40f8--38-8333,190.46835443037975
2603-9008-1103-2e04-216-3eff-fe20-8a94-8333,166.38834951456312
2604-1380-1000-7400--1-8333,148.68627450980392
2604-2dc0-100-240f--1-8333,95.10897435897436
2604-2dc0-200-3f0---8333,155.60237388724036
2604-4500--2e06-8112,129.84848484848484
2604-a880-cad-d0--4a3-e001-8333,106.71875
2605-f700-c0-827-225-90ff-fee3-34a6-8333,107.97560975609755
2606-a000-9fc0-6-3553-4507-7b48-6396-8333,123.88
2607-5300-203-1112---8333,95.06857142857143
2607-5300-203-2fac---8333,95.12244897959184
2607-5300-203-44cb---8333,93.99698795180723
2607-5300-203-7256---8333,98.22222222222223
2607-5300-60-2218---8333,102.17528735632185
2607-5300-60-476d---8333,94.70134228187919
2607-5300-60-6298---8333,122.6923076923077
2607-5300-60-980c---28643,94.11042944785277
2607-5501-3000-2056--2-8333,145.02631578947367
2607-5600-5ab-c001-ca15-300-b1c-1337-8333,113.9090909090909
2607-f2c0-f200-201-b488-2b8d-f3d6-a74f-8333,167.2
2607-f2f8-ad40-bc1--1-8333,151.5904255319149
2607-fa18-3a01--20-8333,143.5
2607-fa48-6c10-6df1-8dbf-ab57-9827-627c-8334,118.0
2607-fea8-660-39f-cb8c-85ad-bb94-278c-8333,110.0
2610-150-8000-db--3d-5789-8333,147.375
2620-11c-5001-1118-d267-e5ff-fee9-e673-8333,151.50146627565982
2620-137-6000-10-c6fe-47c0-8764-70c0-8333,156.6
2620-6e-a000-3001--2-8333,122.5702005730659
2620-6e-a008-1-42-42-42-42-8333,164.5
27.125.136.147-8333,258.875
27.94.165.100-8333,265.5
2800-40-1b-d0ad-6a7a-1441-a2aa-9d9b-8332,258.0
2800-484-7881-e400--1-8333,168.33333333333334
2800-810-577-809d--1000-8333,244.5
2804-14c-7b82-8aa9--1012-8333,243.5
2804-14d-a083-8c5f-fd66-cf12-f2de-f6d2-8333,249.0
2804-d57-551f-bf00-3615-9eff-fe23-d610-8333,248.25
2806-103e-23-38ec-3863-ab1a-562c-24be-8333,178.0
2806-2f0-4060-1954-28bf-eebf-8fe7-1c5-8333,146.0
2a00-1370-8135-2500-2935-f9e5-f63a-87d2-8333,41.0
2a00-1828-a004-2--666-8333,24.41501976284585
2a00-1c10-2-709--217-22220,23.950413223140497
2a00-23c5-2514-9701--1718-8333,25.77777777777778
2a00-23c7-553c-6800--f93-8333,44.53846153846154
2a00-6020-b48a-7d00-491a-358c-d8f7-1da-8333,23.25
2a00-7c80-0-25--e37a-8333,17.15606936416185
2a00-7c80-0-71--8-8333,16.982507288629737
2a00-8a60-e012-a00--21-8333,76.61046511627907
2a00-ca8-a1f-3025-f949-e442-c940-13e8-8333,20.985714285714284
2a00-f820-433--36-8333,6.36734693877551
2a00-f940-1-1-2--d42-8333,42.25
2a00-f940-2-1-2--16c4-8333,45.8
2a01-238-4380-1400-ac93-d34b-7f20-ea18-8333,230.69230769230768
2a01-4f8-10a-318e--2-8333,1.0
2a01-4f8-10b-19ca--2-8333,1.0
2a01-4f8-10b-3699--2-8333,1.1549295774647887
2a01-4f8-10b-ee1--2-8333,4.9772727272727275
2a01-4f8-120-427e--2-8333,1.0068027210884354
2a01-4f8-120-738d--2-8333,1.0
2a01-4f8-121-200d--2-8333,1.0057803468208093
2a01-4f8-13a-cdd--2-8333,1.042483660130719
2a01-4f8-140-3144--2-8333,1.0
2a01-4f8-141-316e--2-8333,1.2126984126984126
2a01-4f8-150-23c7--102-8333,346.3
2a01-4f8-150-3096--2-8333,1.0939597315436242
2a01-4f8-150-3461--2-8333,1.0039525691699605
2a01-4f8-150-62f0--2-8333,1.0
2a01-4f8-150-6349--2-8333,1.0
2a01-4f8-150-81d4--2-8333,1.0
2a01-4f8-150-8417--2-8333,1.024390243902439
2a01-4f8-150-93c7--2-8333,1.0
2a01-4f8-151-5149--2-8333,1.0
2a01-4f8-151-62c1--2-8333,1.0155038759689923
2a01-4f8-151-648f--2-8333,1.0508474576271187
2a01-4f8-151-82a7--2-8333,1.0
2a01-4f8-160-14dd--2-8333,1.0454545454545454
2a01-4f8-160-6092-d7bd-a39-3e52-b65d-8333,27.571428571428573
2a01-4f8-160-7106--2-8333,1.0
2a01-4f8-160-8442--2-8333,1.0046511627906978
2a01-4f8-160-94c7--2-8333,1.0
2a01-4f8-161-21d2--2-8333,1.0
2a01-4f8-161-3354--2-8333,1.0071942446043165
2a01-4f8-161-440b--2-8333,1.0843373493975903
2a01-4f8-161-50a6--2-8333,1.0555555555555556
2a01-4f8-161-6411--2-8333,4.038461538461538
2a01-4f8-161-716e--2-8333,1.0533333333333332
2a01-4f8-161-728a--2-8333,1.125
2a01-4f8-161-9041--2-8333,1.056338028169014
2a01-4f8-162-128e--2-8333,1.1958762886597938
2a01-4f8-162-2087--2-8333,1.0
2a01-4f8-162-208a--1-8333,246.28571428571428
2a01-4f8-162-2c6--2-8333,2.2205882352941178
2a01-4f8-162-4116--2-8333,1.2278481012658229
2a01-4f8-162-512a--2-8333,1.0082644628099173
2a01-4f8-162-5247--2-8333,1.0
2a01-4f8-171-4dc--2-8333,1.0
2a01-4f8-171-b4f--2-8333,1412.467741935484
2a01-4f8-173-1622--2-8333,1.1379310344827587
2a01-4f8-173-230a--2-8333,850.3391304347826
2a01-4f8-190-240f--2-8333,1.0
2a01-4f8-190-430c--2-8333,1.0178571428571428
2a01-4f8-190-7346--2-8333,1.0
2a01-4f8-190-8361--2-8333,1.0
2a01-4f8-191-11c2--2-8333,1.0
2a01-4f8-191-14b3--2-8333,1.0
2a01-4f8-191-20e7--2-8333,1.0125
2a01-4f8-191-2e7--2-8333,1.0303030303030303
2a01-4f8-191-3165--2-8333,1.0222222222222221
2a01-4f8-191-333--2-8333,1.10062893081761
2a01-4f8-191-3484--2-8333,2.381818181818182
2a01-4f8-191-5109--2-8333,1.0074074074074073
2a01-4f8-191-64c7--2-8333,2.08974358974359
2a01-4f8-191-70ed--2-8333,1.0
2a01-4f8-192-34fd--2-8333,1.0
2a01-4f8-1c1c-2831--1-20008,3.0
2a01-4f8-1c1c-54ef--1-8333,3.111111111111111
2a01-4f8-200-1216--2-8333,1.05
2a01-4f8-200-24bb--2-8333,1.0151515151515151
2a01-4f8-200-6346--2-8333,1.0
2a01-4f8-200-7222--2-8333,1.0
2a01-4f8-200-8171--2-8433,1.0
2a01-4f8-201-1012--2-8333,1.0
2a01-4f8-201-208b--2-8333,1.0
2a01-4f8-202-33a3--2-8433,1.0
2a01-4f8-202-5118--2-8333,1.0
2a01-4f8-202-53c3--2-8333,1.0
2a01-4f8-212-34d4--2-8333,18.75
2a01-4f8-221-3056--2-8333,1.0
2a01-4f8-221-4396--2-8333,1.0303030303030303
2a01-4f8-222-2cd5--2-8333,1.0
2a01-4f8-222-809--2-8333,1.0
2a01-4f8-241-1389--2-8333,1.2242990654205608
2a01-4f8-241-454c--2-8333,1.0
2a01-4f8-252-1458--2-8333,1.0
2a01-4f8-a0-10bb--2-8333,2.9653179190751446
2a01-4f8-a0-2363--2-8333,2.9461538461538463
2a01-4f8-a0-910b--2-8333,3.0321637426900585
2a01-4f8-c010-113f--1-8333,1.0497512437810945
2a01-4f8-c0c-5b3e--1-8333,3.142857142857143
2a01-4f8-c0c-ead9--1-8333,3.10580204778157
2a01-4f8-c0c-f36a--1-8333,2.9565217391304346
2a01-4f8-c17-96bf--1-8333,1.0534351145038168
2a01-4f8-c17-a84a--1-8333,1.06
2a01-4f8-c17-a8b3--1-8333,5.065217391304348
2a01-4f8-c17-d79f--1-8333,1.0
2a01-4f8-c17-ed97--1-8333,1.0
2a01-4f8-c2c-133b--1-8333,3.278481012658228
2a01-4f8-c2c-3500--1-8333,3.064039408866995
2a01-4f8-c2c-4446--1-8333,3.2857142857142856
2a01-4f8-c2c-5011--1-8333,5570.123028391167
2a01-4f8-c2c-78e8--1-8333,3.0
2a01-4f8-c2c-c79c--1-8333,2.994301994301994
2a01-4f8-c2c-cfa4--1-8333,25.093023255813954
2a01-4f9-2a-1465--2-8333,25.5531914893617
2a01-4f9-2a-201b--2-8333,25.387464387464387
2a01-4f9-2a-2e46--2-8333,28.03682719546742
2a01-4f9-2a-4da--2-8333,26.310344827586206
2a01-4f9-2b-141d--2-8333,25.521008403361346
2a01-4f9-2b-16c4--a54-18001,25.433962264150942
2a01-4f9-2b-2449--2-12853,25.42816091954023
2a01-4f9-2b-2988--2-8333,25.348314606741575
2a01-4f9-2b-fd8--2-8333,25.40974212034384
2a01-4f9-3a-202c--2-8333,25.75
2a01-4f9-3a-3961--2-8333,28.6
2a01-4f9-4a-26d3--2-8333,26.285714285714285
2a01-4f9-4a-4487--2-8333,26.095238095238095
2a01-4f9-4a-4e46--2-8333,25.131944444444443
2a01-4f9-4b-13a7--2-8333,24.883333333333333
2a01-4f9-4b-42cb--2-8333,25.534653465346533
2a01-4f9-4b-5511--2-8333,25.128654970760234
2a01-4f9-c010-84f4--1-8333,25.227414330218068
2a01-4f9-c010-8937--1-8333,26.115384615384617
2a01-4f9-c010-a7e--1-20083,25.714285714285715
2a01-4f9-c011-1fe2--1-8333,31.0
2a01-4f9-c011-3ca--1-8333,26.213333333333335
2a01-7e00--f03c-91ff-fe62-c6cb-8333,24.714285714285715
2a01-8740-1-506--6ea3-8333,29.0
2a01-cb00-d3d-7700-227-eff-fe28-c565-8333,22.91358024691358
2a01-d0-ffff-7368--2-8333,34.5
2a01-e0a-1be-a2f0-db9-e6ed-52e6-e4ea-8333,4367.2
2a01-e0a-224-65c0-f80b-401e-3cf5-df9a-8333,76.58823529411765
2a01-e0a-366-36c0-a460-dbff-fe63-f286-8333,30.852272727272727
2a01-e0a-3d1-5b20-2851-fef5-3572-f155-8333,19.857142857142858
2a01-e0a-48b-2d10-ad3c-66ab-a4a2-7ca7-8333,53.333333333333336
2a01-e0a-563-c790-ba27-ebff-0-209-8333,16.0
2a01-e0a-93e-9820-2479-f878-30a1-1d60-8333,34.094339622641506
2a01-e0a-942-33a0-e021-af0b-1535-dd09-8333,41.666666666666664
2a01-e34-ec13-4d90-42b0-76ff-fe60-8736-8333,14.714285714285714
2a01-e34-ec4e-bf60-716c-1fdb-6bc9-6f6-8333,24.72
2a01-e34-ec72-5620-cc52-7b64-ffe2-3704-8333,21.416666666666668
2a01-e34-ec7d-c4d0-d6a2-583d-447c-3e20-8333,27.4
2a02-1205-34e4-bad0-d4d4-75d1-2f5-1536-8333,18.0
2a02-1205-5050-20f0-223-dfff-fede-ecb-8333,263.1
2a02-1206-456d-90b0-211-32ff-fe0a-3d17-8333,19.22222222222222
2a02-1206-45b0-87e0-3538-862d-aef5-1738-8333,23.0
2a02-120b-7f7-8cb0-91e5-e9-9aa9-5f12-8333,19.0
2a02-130-300-1520-1--2-8333,31.89005235602094
2a02-180-1-1--517-afb-8333,604.875
2a02-2168-b12-7de7--1-8333,84.76470588235294
2a02-2770-17-0-21a-4aff-fe7b-175f-8333,14.824742268041238
2a02-27ab-0-2--36b-8333,13.791666666666666
2a02-4780-1-1--1-a65f-8333,107.95402298850574
2a02-6d40-3031-bb01-dea6-32ff-fe44-4b25-8333,29.269662921348313
2a02-7aa0-1619--a7a2-7e86-8333,34.142857142857146
2a02-7b40-592f-a629--1-8333,32.7
2a02-7b40-b0df-8925--1-8333,33.822857142857146
2a02-7b40-b905-372d--1-8333,33.73873873873874
2a02-8071-9294-9b00-f82c-7a3b-3093-611a-8333,29.24742268041237
2a02-80e0-0-e--2-8333,35.6764705882353
2a02-8428-751-5301-211-32ff-fe89-cb43-8333,19.457142857142856
2a02-a455-9232-1-741b-89f0-8b5c-83a7-8333,13.0
2a02-a45a-94cd-f00d--1-8333,14.859649122807017
2a02-a58-811e-1c00-1470-4475-94f3-292-8333,38.0
2a02-c207-0-3829--1-8333,1236.8463855421687
2a02-c207-2014-4199--1-8333,31.775568181818183
2a02-c207-2014-9433--1-8333,811.4956521739131
2a02-c207-2016-2394--1-8333,14.717579250720462
2a02-c207-2019-7206--1-8333,43.857142857142854
2a02-c207-2022-9406--1-8333,14.882075471698114
2a02-c207-2024-6115--1-8333,18.411428571428573
2a02-c207-3001-7776--1-8333,14.865714285714287
2a02-c207-3001-9320--1-8333,15.719546742209632
2a02-c207-3002-5642--1-8333,14.655270655270655
2a02-c207-3004-2947--1-8333,17.0
2a02-c207-3005-1280--1-8333,14.52046783625731
2a02-c7f-b278-1300-a4b0-5385-dd52-e8f3-8333,45.888888888888886
2a03-1b20-1-e011--7e-23981,57.1
2a03-4000-3e-28f-a4df-65ff-fe0f-a52d-8333,3.1594202898550723
2a03-4000-50-f3a-2444-b6ff-fe71-5f4d-8333,2.75
2a03-7380-3014-4030-d3e-5835-834a-e47d-8333,52.2093023255814
2a03-b0c0-1-d0--3076-7001-8333,18.8
2a04-2180-1-7--7-8333,35.77333333333333
2a05-1500-702-0-1c00-40ff-fe00-c-8333,51.69230769230769
2a05-6d40-b94e-d100-230-48ff-fedf-1432-8333,46.0
2a05-d01c-41e-1603-5027-1431-472c-3e3c-8333,17.332167832167833
2a05-f480-1400-916-5400-3ff-fe46-e362-8333,28.666666666666668
2a05-f480-1800-10b-5400-2ff-fef1-f73-8333,8.107981220657276
2a06-6782-1101-12--14ea-8333,94.11111111111111
2a07-5741-0-7cd--1-8333,41.96848137535817
2a07-abc4--1-946-8333,641.6860465116279
2a07-b400-1-34c--2-1002-8333,60.27272727272727
2a0b-5cc0-0-200--102-8333,19.62608695652174
2a0b-ae40-3-4a0a--15-8333,122.37837837837837
2a0f-2a80--10-8333,3535.625
2a10-3781-328-1-e1d-50cc-c868-ca94-8333,17.636363636363637
2a4jrq5rwsqxnswa.onion-8333,649.75
2czk3btyhsspckqb.onion-8333,380.0
2dzyb3igopibnlkd.onion-8333,383.54545454545456
2f74y5h3b33zcoo6.onion-8333,542.0833333333334
2jkffb5lqgjgr5qu.onion-8333,472.0
2otiqvmea7qkc3xn.onion-8333,1613.25
2s7lpfvlfstxe57h.onion-8333,818.0
2vb6ubl5hpcoejmu.onion-8333,140.0
2zkf2pngzmqiizpe.onion-8333,529.8
2zrj3qeqm7lva3cn.onion-8333,369.14285714285717
3.1.101.22-8333,168.87147335423197
3.1.219.148-8333,176.75
3.10.5.123-8333,17.010309278350515
3.112.222.89-8333,257.7267267267267
3.112.61.151-8333,253.0
3.113.172.125-48533,255.40251572327045
3.115.245.111-8333,249.73275862068965
3.120.148.145-8333,6.37
3.121.203.169-8333,5.666666666666667
3.123.222.19-48333,5.25
3.123.26.194-8333,5.0
3.124.63.44-8333,5.3352272727272725
3.14.163.152-48333,105.65333333333334
3.142.102.189-48333,105.20833333333333
3.16.1.181-8333,105.67543859649123
3.17.213.129-8333,106.13225806451612
3.219.58.63-8333,2754.184971098266
3.227.11.183-8333,93.24820143884892
3.231.24.151-8333,93.58783783783784
3.235.183.74-8333,93.60130718954248
3.235.228.195-8333,93.77127659574468
3.236.45.242-8333,93.29661016949153
3.239.4.20-8333,93.54545454545455
3.83.190.102-8333,20365.867231638418
3.83.239.210-8333,93.22662889518413
3.91.229.155-8333,93.53488372093024
3.97.201.205-8333,104.92307692307692
31.16.152.154-8333,24.875
31.16.217.18-8333,25.43850267379679
31.165.207.218-8333,16.58695652173913
31.17.70.80-8333,23.08695652173913
31.18.112.221-8333,30.45
31.184.224.90-8333,36.331896551724135
31.192.170.78-8333,70.0
31.201.236.49-8333,14.576923076923077
31.220.108.157-8333,107.34482758620689
31.25.241.206-8333,70.0
31.31.113.161-8333,41.0
31.46.163.130-8333,26.0
34.195.55.159-8333,93.50925925925925
34.201.120.185-8333,490.0
34.205.224.226-8333,93.1271676300578
34.207.144.61-8333,93.07446808510639
34.211.65.11-8333,168.44571428571427
34.213.114.64-8333,164.68965517241378
34.228.233.174-8333,93.4
34.248.201.207-8333,27.0
34.70.138.19-8333,124.61739130434782
34.74.106.11-8333,100.0
34.86.80.233-8333,92.57142857142857
34.87.75.75-8333,269.9230769230769
344vjfxxvdppueja.onion-8333,761.0731707317074
35.153.74.214-8333,96.0
35.155.204.42-8333,171.2816091954023
35.163.36.246-8333,168.3314606741573
35.163.48.30-9091,357.6788732394366
35.170.28.135-20008,93.27298850574712
35.175.55.104-8333,94.0
35.177.70.10-8333,17.0
35.183.241.79-8333,110.0
35.183.249.56-8333,107.06060606060606
35.183.60.98-8333,110.0
35.185.4.69-8333,101.45
35.188.75.83-8333,111.29629629629629
35.189.196.138-8333,17.533333333333335
35.189.254.229-8333,12.5
35.203.4.36-8333,93.87464387464388
35.209.51.212-8333,122.8298755186722
35.213.18.190-8333,240.08831908831908
35.221.181.79-8333,260.94444444444446
35.240.7.194-8333,43.27485380116959
35.246.247.7-8333,5.4375
35hmhrm5xpprrj4b.onion-8333,422.0
37.120.171.27-8333,3.4046242774566475
37.135.51.44-8333,55.21951219512195
37.139.15.159-8333,16.10909090909091
37.140.197.159-8333,50.42424242424242
37.140.3.159-8333,70.94736842105263
37.182.35.114-8333,30.86842105263158
37.187.100.150-8333,23.160112359550563
37.187.102.142-8333,268.14285714285717
37.187.22.60-8333,116.30917874396135
37.193.227.16-8333,81.11111111111111
37.205.14.137-8333,27.955696202531644
37.221.209.222-24333,21.38243626062323
37.229.25.145-8333,39.76470588235294
37.59.38.74-8333,14.948818897637794
37.59.47.27-8333,13.549575070821529
37.59.50.14-8333,13.917142857142856
37.61.219.34-8333,10.135446685878962
37.97.191.18-8333,18.632478632478634
38.102.254.23-8333,156.6153846153846
39.101.136.226-8333,201.70317002881845
39.105.85.40-8333,201.7012195121951
39.107.234.140-8333,197.80246913580248
39.97.227.7-8333,212.55434782608697
3dmd3dhgyyeid335.onion-8333,560.6666666666666
3e65343623fkzy43.onion-8333,454.25
3ecoqbccqxb447vs.onion-8333,273.77777777777777
3eg5mkkelldqydx2.onion-8333,281.0
3ipfau667b2tbb4r.onion-8333,349.8
3lyvinbb72iq4juz.onion-8333,351.4
3xlrjfxbigxoigo4.onion-8333,431.0
40.114.68.106-8333,91.02247191011236
40.121.223.212-8333,91.0
40.121.70.33-8333,92.38616714697406
40.78.19.149-8333,158.84848484848484
41.46.54.49-8333,70.6
42.194.135.105-8333,212.16
42.194.144.208-8333,215.25
42.200.142.209-8333,261.1388101983003
43.225.157.152-8333,246.075
44yscnxfgrdokal5.onion-8333,159.4
45.115.71.35-8333,319.3333333333333
45.129.180.214-8333,2.9280575539568345
45.130.58.202-8333,111.375
45.145.125.90-8333,229.32142857142858
45.154.252.98-8333,31.0375
45.155.157.239-8333,18.917073170731708
45.16.126.242-8333,121.1375
45.27.133.107-8333,129.33333333333334
45.31.114.119-8333,155.76190476190476
45.32.116.44-8333,172.48857142857142
45.32.135.225-8333,164.47058823529412
45.32.157.119-8333,8.276190476190477
45.32.223.162-8333,109.26315789473684
45.32.232.25-8333,15.668711656441717
45.33.127.65-8333,128.0
45.33.19.239-8333,129.23076923076923
45.35.64.201-8333,122.87179487179488
45.58.126.138-8333,112.4
45.63.19.179-8333,150.73214285714286
45.77.68.254-8333,153.98543689320388
45.79.179.9-8333,86.93732193732194
45.80.148.33-8333,13.717948717948717
45.89.16.45-8333,40.809859154929576
45.92.43.12-8333,32.65979381443299
46.101.238.40-8333,5.3028571428571425
46.105.101.28-8333,13.732758620689655
46.105.76.211-8333,22.692307692307693
46.118.93.122-8333,41.916666666666664
46.125.66.120-8333,40.57142857142857
46.126.224.37-8333,32.25806451612903
46.128.241.198-24355,25.142857142857142
46.166.129.155-8333,12.519886363636363
46.166.151.116-8333,13.514792899408285
46.166.160.48-8333,33.02788844621514
46.166.176.137-8333,13.17134831460674
46.186.242.92-8333,135.0
46.20.2.220-8333,52.46735395189003
46.210.5.106-8333,128.9
46.229.165.141-8333,96.33428571428571
46.229.238.187-8333,41.84180790960452
46.23.87.218-8333,13.214084507042253
46.244.235.98-8333,30.333333333333332
46.249.83.82-8333,39.08695652173913
46.28.207.31-8333,11.019774011299434
46.29.19.25-8333,37.03846153846154
46.32.53.120-8333,25.106060606060606
46.4.106.110-8333,1.4
46.4.22.156-8333,1.0
46.4.69.86-8333,1.0
46.4.87.133-8333,1.0078125
46.4.88.46-8333,1.0933333333333333
46.6.13.151-8333,30.5
46.88.191.112-8333,17.0
47.108.21.116-8333,241.56069364161849
47.108.29.152-8333,248.81896551724137
47.108.56.231-8333,234.2183406113537
47.110.92.146-8333,212.5596590909091
47.112.122.216-8333,217.96875
47.113.108.107-8333,219.2155172413793
47.113.97.212-8885,229.22321428571428
47.115.53.163-8333,220.00571428571428
47.148.15.13-8333,161.44642857142858
47.156.145.43-8333,276.03846153846155
47.180.15.184-8333,156.0
47.188.182.243-8333,127.28571428571429
47.188.93.148-8333,123.6
47.206.174.148-8333,130.33333333333334
47.221.205.227-8333,148.7
47.222.103.234-8333,197.2826086956522
47.240.230.87-59050,257.40495867768595
47.240.230.87-59070,500.2625
47.241.69.240-8333,237.82758620689654
47.242.223.170-8333,285.55725190839695
47.242.28.70-8333,278.77777777777777
47.244.107.89-8333,265.3333333333333
47.244.119.155-6669,6757.114285714286
47.244.27.17-8333,240.71142857142857
47.245.35.30-8333,258.0422535211268
47.252.80.192-8333,96.51002865329512
47.252.87.242-8333,97.3249299719888
47.253.11.63-8333,97.95121951219512
47.254.172.215-8333,5.84
47.254.173.87-8333,6.0
47.254.174.194-8333,5.890489913544669
47.5.170.67-8333,129.1391304347826
47.52.28.179-8333,243.60060975609755
47.56.141.204-8333,244.40247678018576
47.57.152.25-17789,241.45801526717557
47.74.185.172-8333,208.33903133903135
47.74.228.168-8333,209.97413793103448
47.75.15.2-8333,239.63920454545453
47.75.184.180-11333,232.20192307692307
47.75.202.172-8333,265.8103448275862
47.75.253.127-8333,237.21965317919074
47.75.59.41-8333,266.54545454545456
47.88.84.125-8333,155.9858757062147
47.89.242.60-8333,156.48837209302326
47.89.246.51-8333,152.93023255813952
47.90.4.203-8333,237.73391812865498
47.90.43.18-8333,231.44343891402715
47.91.228.50-8333,241.69295774647887
47.91.246.186-8334,239.62745098039215
47.93.173.17-8333,214.5593220338983
47.93.247.22-8333,205.44159544159544
47.94.243.77-8333,219.9691011235955
47.98.114.56-8885,224.30523255813952
47.99.158.238-8333,209.7130681818182
47i6qrl2ijqcwlg6.onion-8333,482.0
47uupgzcnrwahoto.onion-8333,363.75
47uxhnzsv7tt4wz2.onion-8333,921.3333333333334
49.12.163.214-9001,2.6391752577319587
49.176.217.40-8333,338.6981132075472
49.247.215.43-8333,244.82130584192439
4fattmmzmejrt76k.onion-8333,368.0
4folxurfxd47xle2.onion-8333,632.0
4fwypl6g47pbfu7x.onion-8333,546.6666666666666
4hrvma4yvi7l32j2.onion-8333,493.0
4iczunxx6krcaqbp.onion-8333,465.22222222222223
4jvcoihcjqe3sue2.onion-8333,391.1764705882353
4mjm3436rm2zmgyp.onion-8333,420.93333333333334
4r2dgzc3l6a63kit.onion-8333,348.14285714285717
4sspw5g7xr7u4rb5.onion-8333,855.75
4vv5mvjkds5i7xgy.onion-8333,484.0
4w3rjitj2dpslyjf.onion-8333,592.75
4xnepw4bvshxuxvb.onion-8333,372.0
5.133.65.82-8333,33.092
5.135.160.228-8333,13.747875354107649
5.135.166.43-8333,14.986425339366516
5.135.177.202-8333,17.268571428571427
5.135.179.60-8333,14.727699530516432
5.144.84.87-8333,24.6
5.149.250.76-8333,68.85470085470085
5.15.56.213-8333,47.1
5.150.239.205-8333,63.07586206896552
5.188.156.67-8333,35.4
5.188.33.194-8333,199.6315789473684
5.188.56.58-8333,35.03921568627451
5.188.56.61-8333,36.1437908496732
5.188.62.18-8333,56.24050632911393
5.189.128.45-8333,18.3125
5.189.136.127-8333,21.00864553314121
5.189.150.28-8333,14.4
5.189.153.172-8333,843.7521367521367
5.189.181.56-8333,38.61194029850746
5.189.189.229-8333,18.887931034482758
5.196.65.205-8333,7832.967741935484
5.199.133.193-8333,13.655270655270655
5.2.73.178-8333,62864.0
5.254.56.74-8333,73.96783625730994
5.39.216.191-8333,14.32
5.39.83.33-8333,121.36263736263736
5.45.74.50-8333,13.142857142857142
5.9.105.53-8333,1.0134228187919463
5.9.118.158-8333,1.6382978723404256
5.9.13.37-8333,2.1466666666666665
5.9.138.24-8333,1.2753623188405796
5.9.144.250-8333,1.0
5.9.147.140-8333,1.0555555555555556
5.9.154.231-8333,33.07692307692308
5.9.155.54-8333,1.3333333333333333
5.9.158.123-8333,2.9407894736842106
5.9.16.76-8333,4.071428571428571
5.9.161.214-8333,1.0
5.9.189.254-8333,1036.0
5.9.19.167-8333,1.596774193548387
5.9.197.171-8333,1.0
5.9.225.134-8333,5.304347826086956
5.9.48.243-8333,1.0795454545454546
5.9.5.171-8333,1.0
5.9.54.133-8333,1.0113636363636365
5.9.67.151-8333,1.0
5.9.8.28-8333,1.0
5.9.82.162-8333,1.0
50.125.234.132-8333,149.93103448275863
50.193.202.81-8333,177.8228782287823
50.2.13.164-8333,132.33333333333334
50.243.62.19-8333,108.44444444444444
50.45.232.189-8333,169.9811320754717
50.53.250.162-8333,204.18493150684932
50.72.45.183-8333,137.3041237113402
50.92.184.104-8333,168.56
50.92.85.242-8333,1221.8846153846155
51.138.4.135-30001,12.0
51.138.4.135-30002,12.0
51.15.165.15-8333,278.68481375358164
51.15.166.138-8333,22.076271186440678
51.15.171.227-8333,21.681388012618296
51.15.177.162-7907,19.05263157894737
51.15.185.78-8333,2762.994082840237
51.154.131.18-8333,17.35632183908046
51.154.14.19-8333,13.76923076923077
51.154.4.160-8333,20.5
51.158.163.159-8333,11.969696969696969
51.159.38.92-8333,19.46153846153846
51.159.38.93-8333,19.025641025641026
51.159.56.104-8333,19.8
51.159.56.106-8333,19.328358208955223
51.159.56.204-8333,20.366666666666667
51.159.57.157-8333,19.0
51.159.70.147-8333,26.59722222222222
51.159.94.210-8333,21.724137931034484
51.210.181.198-8333,17.0
51.210.186.155-8333,14.448979591836734
51.210.34.62-8339,13.895397489539748
51.210.61.169-8333,14.754045307443366
51.210.98.10-8333,14.098039215686274
51.222.121.169-8333,97.25
51.255.149.249-8333,17.0
51.255.87.121-8339,13.816901408450704
51.38.56.35-8333,14.059701492537313
51.68.152.18-8333,25.340057636887607
51.68.34.111-8333,17.0
51.75.146.9-8333,108.11538461538461
51.77.117.99-8333,18.338983050847457
51.77.152.20-8333,14.375
51.77.226.110-8333,79.5536231884058
51.77.53.133-8333,25.111764705882354
51.79.188.186-8333,227.04
51.79.228.38-8333,158.35714285714286
51.81.118.2-8333,95.37966101694916
51.81.56.49-8333,94.9751552795031
51.83.109.234-8333,18.166666666666668
51.83.67.9-8333,13.99375
51.83.99.227-8333,14.852691218130312
51.89.153.76-8333,17.236842105263158
51.89.232.135-8333,18.266666666666666
51.89.40.32-8333,6.7733711048158645
51.9.138.137-8333,42.9
51.91.105.165-8333,17.0
51.91.66.183-8333,42.78062678062678
52.11.1.128-8333,167.21611721611723
52.169.238.66-8333,1020.7908309455587
52.187.34.156-8333,155.35294117647058
52.194.247.32-8333,250.79365079365078
52.197.54.134-8333,278.1904761904762
52.201.156.205-8333,287.6271186440678
52.204.16.4-8333,85.875
52.204.182.74-8333,89.9077809798271
52.221.228.99-8333,158.33333333333334
52.29.225.255-8333,5.285123966942149
52.30.59.5-8333,28.2
52.47.154.51-8333,12.0
52.51.128.216-8333,27.98857142857143
52.52.195.167-8333,167.0
52.59.10.197-8333,340.3666666666667
52.60.222.172-8333,88.0
52.63.131.58-8333,275.0
52.68.229.179-8333,260.2
52.77.156.14-8333,165.8494318181818
52.90.231.255-8333,87.725
54.158.70.15-8333,90.01420454545455
54.159.193.149-8333,89.52941176470588
54.172.187.239-8333,2582.2861736334407
54.176.63.16-8333,167.07142857142858
54.179.230.254-8332,192.0
54.185.108.174-8333,167.84615384615384
54.191.204.251-8333,167.32011331444758
54.194.246.117-8333,28.147058823529413
54.199.164.163-8333,255.20749279538904
54.202.255.150-8333,203.9090909090909
54.206.217.88-8333,295.1834862385321
54.207.39.48-8333,211.46153846153845
54.219.97.9-8333,167.56050955414014
54.221.1.109-8333,89.95219123505976
54.238.102.8-48333,257.0396600566572
54.243.100.79-8333,89.50813008130082
54.245.51.27-8333,167.82587064676616
54.249.206.111-8333,251.44270833333334
54.250.245.105-8333,247.0
54.254.122.255-8333,183.77611940298507
54.36.62.114-8253,13.340425531914894
54.37.81.191-8333,13.981981981981981
54.38.236.24-8333,68.64646464646465
54.39.243.49-8339,94.35233160621762
54.39.94.188-8333,672.2090395480226
54.69.215.211-8333,165.26666666666668
54.75.7.208-5001,27.78034682080925
54.76.151.35-8333,28.8
54.82.229.41-8333,90.27793696275072
54.92.14.235-8333,248.6153846153846
57yfudicckwtcbjc.onion-8333,428.4
58.6.169.161-8333,325.0
58.76.200.11-8333,250.84615384615384
59.110.70.236-8333,326.58715596330273
5bfi3wugxq74cpth.onion-8333,364.8333333333333
5d7qq45q24xuulaw.onion-8333,352.5
5egve4gst2fdan5u.onion-8333,636.6
5ihi4gs3fcmdeuyf.onion-8333,326.5
5iv4c4plh2dt35rx.onion-8333,325.25
5k4m4fktockvevqx.onion-8333,345.6666666666667
5kfutpswoytd4yz6.onion-8333,547.875
5pferg5xubr3pdzd.onion-8333,317.0
5tsz6m4jcxtxaynn.onion-8333,678.0
5w7mq5oui5bxsdny.onion-8333,632.4
5ztgmdazr44fo46z.onion-8333,310.0
60.113.117.109-8333,277.07894736842104
60.205.226.185-8333,205.52919708029196
61.244.144.186-8333,182.63333333333333
61.250.91.26-8333,290.82608695652175
61.69.226.119-8333,310.5
61.76.134.35-8333,269.0
62.109.18.23-8333,46.68838526912181
62.113.240.122-8333,7.530085959885387
62.13.193.206-8333,14.247887323943662
62.138.162.12-8333,8.524590163934427
62.141.50.135-8333,10.068965517241379
62.152.58.16-9421,44.295180722891565
62.171.138.68-8333,35.68421052631579
62.171.145.148-8333,25.956521739130434
62.171.174.192-8333,137.99032258064517
62.195.95.229-8333,28.76923076923077
62.210.189.204-8222,23.046204620462046
62.210.99.100-8333,18.916299559471366
62.221.77.251-8333,5051.833333333333
62.234.169.68-8333,777.8726114649681
62.251.109.216-8333,15.409395973154362
63.224.249.240-8333,166.4
63.227.116.162-8333,217.92559523809524
63.228.117.99-8333,160.4851485148515
63.32.190.132-8333,27.333333333333332
63.32.210.247-8333,28.0
63.80.184.72-8333,171.60230547550432
63sbcl57osx3yhtb.onion-8333,375.5
64.15.128.212-8333,96.72972972972973
64.187.169.230-8333,160.74603174603175
64.225.22.38-8333,85.07894736842105
64.227.26.97-8333,85.04081632653062
64.227.39.95-8333,18.62962962962963
64.227.7.99-8333,83.53846153846153
64.227.97.247-8333,162.18032786885246
65.21.51.100-8333,28.7
65.21.9.244-8333,6369.125
65.24.37.71-8333,119.875
65.27.134.105-8333,120.02290076335878
65.96.186.179-8333,113.5
66.160.128.215-8333,149.95726495726495
66.208.64.128-8333,117.0
66.27.72.94-8333,164.53918495297805
66.34.198.198-8333,121.0
66.49.193.206-8333,233.0
66.49.204.11-8333,102.625
66.56.28.91-8333,230.5
67.159.134.74-8333,155.0
67.165.137.89-8333,116.6
67.176.235.114-8333,123.175
67.185.19.126-8333,175.0677966101695
67.189.190.167-8333,109.0
67.205.134.170-8444,82.17098445595855
67.205.150.223-8333,81.19047619047619
67.205.170.88-8333,81.07142857142857
67.207.84.53-8333,83.35338345864662
67.207.85.223-8333,81.02586206896552
67.208.195.20-8333,205.2
67.215.5.58-8333,106.75
67.222.131.151-8333,125.63809523809523
67.255.253.25-8333,183.61111111111111
67.61.241.152-8333,135.0
67.80.164.152-8333,1090.959595959596
68.114.203.159-8333,160.55357142857142
68.134.148.15-8333,105.0
68.151.224.89-8333,177.33333333333334
68.183.186.231-8333,171.2090395480226
68.183.210.111-6333,5.154727793696275
68.183.23.190-8333,84.65329512893983
68.184.192.42-8333,135.1990291262136
68.187.64.232-8333,137.47368421052633
68.194.85.201-8333,100.69014084507042
68.199.157.183-8333,107.86
68.206.97.22-8333,136.5
68.224.249.74-8333,155.86111111111111
69.141.15.174-8333,103.80281690140845
69.164.196.239-8333,128.093567251462
69.181.162.176-8333,166.8181818181818
69.181.81.250-8333,164.33333333333334
69.228.211.56-8333,203.45
69.55.234.74-8333,151.95238095238096
69.55.55.188-8333,83.43243243243244
69.59.18.113-8333,160.90368271954674
69.59.18.206-8333,162.42897727272728
69.59.18.22-8333,291.5764705882353
69.61.99.10-8333,104.125
6aou5lab4xvs3ysa.onion-8333,364.7931034482759
6dfyfnulobfeweem.onion-8333,686.0
6fc6lht3zuc5akmu.onion-8333,554.6666666666666
6k4kwq3odnlnbwz7.onion-8333,339.4
6k5zreexw4cadxi5.onion-8333,250.0
6maigxjvcet4pite.onion-8333,441.3333333333333
6oaynr6dshyw4tou.onion-8333,924.5
6qmojqrwnmitebp3.onion-8333,336.0
6rathipvjx5mi3jc.onion-8333,404.3333333333333
6unxdtrc3hiz4zxu.onion-8333,323.86206896551727
6yglg332sfq53vyh.onion-8333,573.3333333333334
6zfs6cmvmqp64rhw.onion-8333,8340.722222222223
70.109.53.128-8333,216.70967741935485
70.131.38.109-8333,114.6125
70.181.144.131-8333,164.0
70.181.190.215-8333,6114.5
70.183.190.131-8333,165.6
70.185.56.136-8333,155.91119691119692
70.19.77.94-8333,103.3731343283582
70.233.173.241-8333,141.46341463414635
70.233.181.12-8333,117.45977011494253
70.35.98.12-8333,112.45402298850574
70.63.170.86-8333,120.51142857142857
70.64.48.41-8333,143.18791946308724
70.65.57.147-8333,177.1764705882353
70.68.135.187-8333,179.97345132743362
70.68.70.171-8333,166.05555555555554
70.77.92.203-8333,319.55555555555554
70.83.173.66-8333,115.45
71.105.44.45-8333,101.18
71.13.92.62-8333,137.66666666666666
71.143.145.144-8333,111.78571428571429
71.146.114.111-8333,130.125
71.166.42.70-8333,96.5945945945946
71.174.243.79-8333,109.46153846153847
71.175.4.253-8333,103.0
71.183.251.75-8333,105.29213483146067
71.193.67.65-8333,133.44827586206895
71.224.211.96-8333,96.84615384615384
71.231.145.228-8333,179.27777777777777
71.58.245.50-8333,127.75
71.60.192.20-8333,114.95942028985507
71.63.116.146-8333,108.85714285714286
71.9.48.26-8333,175.88
72.196.119.116-8333,158.2093023255814
72.197.237.199-8333,188.42857142857142
72.250.184.57-8333,154.71304347826086
72.253.236.217-8333,252.72727272727272
72.74.160.36-8333,1222.0785498489427
72.78.238.89-8333,138.4268292682927
72babb2kwinfyyii.onion-8333,532.1071428571429
73.11.114.75-28333,184.46341463414635
73.111.221.162-8333,229.8918918918919
73.123.155.71-8333,6179.666666666667
73.137.231.189-8333,120.0
73.139.64.250-8333,136.4
73.14.31.144-8333,137.5
73.141.87.47-8333,108.0
73.152.233.100-8333,111.61538461538461
73.158.180.200-38333,164.61290322580646
73.162.222.154-8333,166.82758620689654
73.168.170.206-8333,117.0
73.170.66.172-8333,166.55555555555554
73.171.139.42-8333,128.0
73.181.212.48-8333,185.0
73.187.102.50-8333,123.57142857142857
73.239.129.64-8333,289.825
73.34.90.36-8333,320.9736842105263
73.48.90.33-8333,137.41176470588235
73.49.178.35-8333,134.0
73.7.135.222-8333,230.15151515151516
73.75.107.58-8333,121.81818181818181
73.97.164.59-8333,177.1578947368421
73.98.59.159-8333,156.33333333333334
74.108.75.95-8333,100.75
74.111.106.4-8333,101.5
74.137.220.142-8333,171.48275862068965
74.214.242.140-8333,167.64615384615385
74.4.178.63-8333,30478.0
75.101.135.85-8333,86.0
75.118.243.0-8333,134.8181818181818
75.119.130.107-8333,14.18421052631579
75.129.64.107-8333,125.27368421052631
75.152.105.88-8333,141.94736842105263
75.164.94.131-8333,176.4375
75.164.98.255-8333,173.5681818181818
75.36.7.189-8333,580.5
75.67.221.247-8333,103.75
76.10.157.54-8333,113.25742574257426
76.103.7.22-8333,168.0
76.11.60.155-8333,193.57142857142858
76.122.185.244-8333,115.375
76.173.49.137-8333,232.66666666666666
76.181.44.116-8333,124.33333333333333
76.185.124.93-8333,129.78571428571428
76.210.186.112-8333,134.25
76.23.180.127-8333,157.0
76.230.156.129-8333,104.21052631578948
76.30.62.156-8333,137.8
76.79.12.236-8333,146.75
76.80.170.131-8333,169.96969696969697
76.88.107.25-8333,168.6246153846154
76.93.148.207-8333,188.6818181818182
77.105.87.97-8333,26.87460815047022
77.120.113.69-8433,34.88352272727273
77.120.122.114-8433,34.6551724137931
77.120.122.15-8433,35.10227272727273
77.120.122.22-8433,34.70056497175141
77.171.142.247-8333,1462.909090909091
77.21.95.28-8333,279.796875
77.22.229.2-8333,25.5
77.3.21.252-8333,20.0
77.37.156.166-8333,45.71509971509972
77.56.68.181-8333,3475.315789473684
77.57.53.115-8333,26.82638888888889
77.95.167.28-8333,40.8
77.97.150.249-8333,31.051948051948052
78.102.79.63-8333,19.333333333333332
78.108.111.113-8333,13.125
78.123.10.196-8333,66.4
78.125.82.240-8333,22.857142857142858
78.129.165.63-8333,25.73972602739726
78.129.201.15-8333,18.405172413793103
78.138.157.26-8333,139.0
78.194.158.141-8333,2631.6153846153848
78.202.234.57-8333,14.0
78.240.176.47-8333,50.6
78.27.139.13-8333,33.73869346733668
78.43.204.223-8333,37.04
78.45.35.208-8333,98.23728813559322
78.46.189.199-8333,1.073394495412844
78.46.75.10-8333,1.0131004366812226
78.46.86.12-8333,2.938775510204082
78.46.95.150-8433,1.0
78.47.147.220-8333,2.966666666666667
78.47.41.177-8333,3.3399433427762037
78.47.53.135-8333,3.0
78.94.186.133-8333,19.88888888888889
79.101.1.25-8333,38.43805309734513
79.114.143.58-8333,50.666666666666664
79.136.1.41-8333,25.304878048780488
79.137.115.56-8333,14.24
79.137.68.161-8333,25.589235127478755
79.142.248.130-8333,39.17741935483871
79.143.179.190-8333,9.292307692307693
79.150.203.62-8333,45.88235294117647
79.156.203.254-8333,55.54545454545455
79.158.98.52-8333,42.30769230769231
79.160.58.59-8333,31.0
79.196.8.149-8333,19.5
79.205.38.40-8333,44.464285714285715
79.225.80.187-8333,14.0
79.77.133.30-8333,55.79738562091503
7bhjr2c6pzpyf56u.onion-8333,405.57142857142856
7eyffrwyhzn4kfhe.onion-8333,530.0
7g7ie64u2n2ddu4b.onion-8333,328.8
7h447xvdr2lxdqj5.onion-8333,246.5
7houzue3yu5h7agq.onion-8333,614.7222222222222
7ndbwnmgbyupv47f.onion-8333,408.76666666666665
7nievyknf6lsd4ov.onion-8333,670.5
7oolihlc7k4bzfdb.onion-8333,360.64285714285717
7otfjq7wo47ya6tj.onion-8333,383.0
7p2ug3fqk47l6ltc.onion-8333,505.3333333333333
7p5mi7xj67a2qqu3.onion-8333,625.2307692307693
7r2npkxqtndqdk5p.onion-8333,629.3333333333334
7uvzfi32te5m2crs.onion-8333,491.3333333333333
7vbqxbkxu4bamg5q.onion-8333,416.0
7wm4wso3wvatxnbt.onion-8333,750.5
7yi6epw5rzpga4wo.onion-8333,250.0
7zowlgp2eudouz5b.onion-8333,638.0
7zxyrwjqgb4ekuzv.onion-8333,307.6875
8.209.71.217-8333,6.060344827586207
8.210.141.183-8333,265.8905109489051
8.210.18.56-8333,265.111801242236
8.210.203.247-8333,246.00404858299595
8.210.217.170-8887,246.745
8.210.92.32-8333,270.8538461538462
8.210.93.37-8333,274.6666666666667
8.9.6.126-8333,121.67241379310344
80.100.128.128-8333,17.313390313390315
80.100.161.227-8333,16.146341463414632
80.101.146.172-8333,457.4934640522876
80.101.82.203-8333,19.34228187919463
80.108.17.214-8333,23.4
80.108.82.95-8333,57.37765957446808
80.108.95.9-8333,21.75
80.111.130.189-8333,47.0
80.111.180.96-8333,55.21739130434783
80.115.21.63-8333,25.22222222222222
80.123.162.114-8333,19.794117647058822
80.131.230.88-8333,12.0
80.195.198.125-8333,29.7
80.209.231.126-8333,27.17142857142857
80.229.14.115-8333,37.9
80.229.28.60-8333,31.82758620689655
80.234.81.182-8333,62.333333333333336
80.235.235.74-8333,34.411764705882355
80.241.209.102-8333,57.88285714285714
80.250.55.32-8333,36.0
80.36.22.198-8333,138.47058823529412
80.5.132.247-8333,29.5
80.65.23.139-8333,96.99616858237547
80.88.172.227-8333,31.428571428571427
80.89.156.216-8333,84.65306122448979
80.92.103.205-8333,1669.5714285714287
81.111.43.114-8333,155.85542168674698
81.117.225.245-8333,52.5
81.169.153.17-8333,15.0
81.169.184.191-8333,20054.0
81.170.143.123-8333,31.08108108108108
81.217.85.29-8333,23.75
81.231.128.105-8333,26.5
81.232.78.75-8333,40.733333333333334
81.236.246.232-8333,29.6875
81.36.43.206-8333,49.4
81.7.10.251-8333,547.0
81.7.17.202-8333,38.79365079365079
81.70.155.63-8333,194.91489361702128
81.82.201.5-8333,30.78978978978979
81.98.102.70-8333,31.714285714285715
82.10.188.54-8333,34.44919786096256
82.118.235.190-8333,29.333333333333332
82.149.180.35-8333,24.0
82.159.113.85-8333,43.666666666666664
82.161.200.117-8333,16.8
82.181.91.236-8333,37.611111111111114
82.193.102.228-8333,31.229885057471265
82.194.153.233-8333,27.75
82.202.162.5-33333,42.86024844720497
82.202.68.231-8333,57.79233226837061
82.212.44.95-8333,23.5
82.221.128.31-8333,65.5596590909091
82.221.131.38-8333,54.5
82.221.143.75-8333,58.29661016949152
82.33.148.31-8333,35.375
82.64.135.138-8333,22.625
82.64.206.205-8333,28.44574780058651
82.65.13.159-8333,31.424242424242426
82.65.253.60-8333,21.0
82.82.154.206-8333,20.347826086956523
83.128.49.155-8333,14.349056603773585
83.137.41.10-8333,25.511363636363637
83.148.241.203-8333,39.5
83.161.158.205-8333,15.427184466019417
83.162.251.163-8333,16.369318181818183
83.163.153.74-8333,39.142857142857146
83.221.75.201-8333,35.0
83.226.184.109-8333,42.22222222222222
83.240.15.151-8333,18.666666666666668
83.250.125.192-8333,33.515151515151516
83.36.183.58-8333,45.0
83.37.216.102-8333,53.0
83.55.0.232-8333,42.72649572649573
83.85.139.94-8333,26.255384615384614
83.99.245.20-8333,36.1993769470405
84.104.14.162-8333,34.26829268292683
84.105.163.103-8333,123.16580310880829
84.112.42.60-8333,406.5
84.112.60.16-8333,100.52136752136752
84.17.54.71-8333,124.53008595988538
84.197.198.167-8333,29.454545454545453
84.198.45.125-8333,39.01111111111111
84.247.10.232-8333,12.0
84.28.198.112-8333,27.333333333333332
84.28.202.218-8333,26.181818181818183
84.42.228.131-8333,25.375
84.62.152.76-8333,480.0
84.69.172.37-8333,146.14285714285714
84.75.176.214-8333,25.0
84.78.55.81-8333,475.4
85.1.73.61-8333,95.47058823529412
85.10.195.47-8333,3.032051282051282
85.10.199.220-8333,3.0
85.117.236.94-8333,40.54545454545455
85.119.83.25-8333,16.733333333333334
85.152.144.6-8333,55.833333333333336
85.159.233.1-8333,13.095238095238095
85.17.131.145-8333,12.969135802469136
85.17.170.30-8333,11.581818181818182
85.17.190.17-8333,11.789473684210526
85.17.25.69-8333,12.971264367816092
85.170.178.143-8333,28.666666666666668
85.184.191.57-8333,20.768976897689768
85.195.232.197-8333,14.61111111111111
85.197.56.250-8333,19.0
85.212.224.110-8333,16.0
85.214.123.127-8333,22.55
85.214.137.225-8333,15.0
85.214.166.228-8333,18.076923076923077
85.214.185.51-8333,17.439862542955325
85.214.187.13-8333,16.3625
85.214.204.63-8333,17.640226628895185
85.214.79.38-8333,28.642857142857142
85.214.89.154-8333,21.24137931034483
85.216.149.129-8333,57.43529411764706
85.220.190.246-8333,5.181818181818182
85.225.145.83-8333,2383.8082191780823
85.229.132.204-8333,33.55555555555556
85.23.154.79-8333,42.51162790697674
85.23.7.190-8333,17294.354330708662
85.26.39.69-8333,45.05555555555556
85.70.156.209-8333,30.309248554913296
86.0.33.192-8333,40.35971223021583
86.107.187.54-8333,94.25714285714285
86.111.88.138-8333,33.09090909090909
86.14.39.167-8333,38.963855421686745
86.144.252.17-8333,26.25
86.165.30.176-8333,23.181818181818183
86.166.214.197-8333,29.0
86.171.79.176-8333,90.02173913043478
86.175.105.212-8333,22.2
86.178.117.170-8333,30.0
86.183.181.176-8333,36.2
86.31.163.247-8333,34.54935622317596
86.49.157.42-8333,20.25
86.7.146.132-8333,35.23809523809524
86.83.88.212-8333,19.202247191011235
86.84.198.19-8333,23.063583815028903
86.9.93.60-8333,36.0
87.139.127.162-8333,1996.4193548387098
87.220.213.248-8333,57.2
87.251.164.39-8333,73.33333333333333
87.65.195.214-8333,22.153846153846153
87.75.105.186-8333,31.142857142857142
88.113.243.194-8333,42.88235294117647
88.115.110.150-8333,36.27777777777778
88.134.149.7-8333,33.59090909090909
88.14.26.140-8333,45.23076923076923
88.198.16.108-8333,1.3529411764705883
88.198.219.5-8333,2.933333333333333
88.198.33.241-8333,3.005714285714286
88.198.39.205-8333,16.37037037037037
88.198.52.78-8333,1.0416666666666667
88.198.55.131-8333,1.3116883116883118
88.198.59.60-8333,1.0
88.198.92.47-8333,1.0
88.201.242.91-8333,36.68595041322314
88.207.240.173-8333,23.375
88.210.15.24-8333,46.725806451612904
88.217.112.135-8333,19.054054054054053
88.247.143.224-8333,50.84615384615385
88.6.180.253-8333,38.0
88.80.148.139-8333,30.0
88.80.148.234-8333,51.19753086419753
88.82.181.44-8333,153.10344827586206
88.86.125.50-8333,38.35588235294118
88.86.243.241-8333,18.17751479289941
88.88.123.50-8333,41.58536585365854
88.99.168.46-8080,3.0
88.99.4.50-8333,1.7157894736842105
88.99.91.90-8333,1.0
89.108.64.73-8333,47.0
89.133.180.150-8333,39.52922077922078
89.145.253.104-8333,39.51162790697674
89.152.229.14-8333,61.54545454545455
89.176.190.207-8333,19.544444444444444
89.216.104.9-8333,44.661654135338345
89.216.21.96-8333,86.69767441860465
89.234.235.64-8333,91.5
89.236.101.52-8333,40.70977011494253
89.239.99.102-8333,30.569444444444443
89.248.240.57-8333,10.5
89.38.96.141-8333,13.0
89.39.106.94-8333,256.72727272727275
89.40.143.228-8333,14.067307692307692
90.126.42.245-8333,10.913513513513514
90.146.219.186-8333,26.185430463576157
90.157.165.30-8444,23.763157894736842
90.16.134.145-8333,44.05882352941177
90.187.68.173-8333,31.916666666666668
90.189.167.93-8333,86.16455696202532
90.227.130.6-8333,31.36774193548387
91.105.60.56-8333,38.84615384615385
91.115.105.56-8333,18.4
91.121.110.184-8333,13.611295681063122
91.121.154.73-8333,13.893371757925072
91.121.155.175-8333,17.863013698630137
91.121.181.6-8333,14.09322033898305
91.121.221.92-11080,104.61797752808988
91.121.76.177-8333,67.87610619469027
91.121.91.137-8333,13.571428571428571
91.125.212.20-8333,36.5
91.138.184.109-8333,69.95652173913044
91.147.232.98-8333,245.67796610169492
91.155.2.97-8333,33.77669902912621
91.159.158.36-8333,36.14102564102564
91.196.100.93-8333,35.6375
91.204.149.5-8333,86.44444444444444
91.204.99.178-8333,52.65934065934066
91.206.16.214-11080,75.29050279329608
91.209.51.131-8333,35.3
91.214.70.63-8333,36.96
91.224.20.71-8333,88.90551181102362
91.248.173.95-8333,22.0
91.3.72.33-8333,16.0
91.65.109.44-8333,26.0
91.66.130.222-8333,25.666666666666668
91.77.165.170-8333,43.52873563218391
91.8.26.214-8333,12.0
91.8.39.246-8333,13.0
91.87.96.138-8333,30.525
91.93.183.195-8333,644.3636363636364
92.188.122.55-8333,20.8125
92.195.131.208-8333,38.0
92.20.214.77-8333,46.63636363636363
92.200.188.236-8333,17.0
92.204.132.78-8333,94.25
92.206.255.204-8333,26.0
92.220.163.15-8333,39.2442748091603
92.25.117.39-8333,31.0
92.255.170.159-11080,69.1280487804878
92.32.243.126-8333,34.95348837209303
92.79.91.147-8333,12.660056657223796
92.91.27.60-8333,80.43478260869566
93.114.235.16-8333,17.236842105263158
93.115.20.130-8333,13.795389048991355
93.115.26.162-8333,32.52571428571429
93.115.28.70-8333,31.13978494623656
93.138.164.106-8333,25.0
93.190.140.14-8333,15.173160173160174
93.190.140.83-8333,16.220338983050848
93.190.143.82-8333,20.708571428571428
93.236.66.10-8333,22.4
93.242.150.215-8333,33.25
93.33.192.204-8333,24.0
93.43.231.1-8333,15.972222222222221
93.46.54.4-8333,44.4
94.112.121.49-8333,19.380403458213255
94.114.61.26-8333,28.068181818181817
94.130.111.22-8333,3.0
94.130.179.91-8333,3.3638968481375358
94.130.20.181-8333,1.0
94.130.35.227-8335,1276.5860215053763
94.130.64.182-9199,1.0833333333333333
94.130.69.46-8333,1.0943396226415094
94.140.68.10-8333,24.375
94.16.108.223-8333,2.8333333333333335
94.17.100.238-8333,51.0
94.174.64.12-8333,30.51851851851852
94.176.233.88-8333,28.0
94.177.171.73-8333,171.03030303030303
94.19.128.204-8333,34.15841584158416
94.19.7.55-8333,37.76136363636363
94.199.173.120-8333,32.67193675889328
94.199.178.17-3201,17.91869918699187
94.222.135.67-8333,25.0
94.227.40.54-8333,31.384615384615383
94.23.154.171-8333,14.538709677419355
94.23.214.15-8333,15.920679886685553
94.23.248.168-8335,13.559659090909092
94.23.33.130-8333,14.75
94.244.40.58-8333,148.69565217391303
94.253.113.17-8333,48.5
94.45.223.134-8333,41.0
94.52.112.227-8333,34.74480712166172
94.52.112.246-8333,34.833333333333336
94.62.97.2-8333,48.92
94.75.207.99-8333,14.14655172413793
95.105.186.195-8333,21.153846153846153
95.105.234.196-8333,23.35
95.112.243.60-8333,24.0
95.141.41.24-8333,15.983050847457626
95.142.173.153-8333,27.097560975609756
95.143.218.179-8333,52.09424083769633
95.165.104.89-8333,38.0
95.176.230.94-8333,22.076923076923077
95.179.188.215-8333,11.645892351274787
95.211.209.204-8333,11.823529411764707
95.213.171.142-8333,32.23863636363637
95.216.140.185-8333,26.382978723404257
95.216.16.210-8333,26.35483870967742
95.216.198.89-8333,26.05
95.216.2.227-8333,29.55
95.216.21.47-8333,25.77903682719547
95.216.226.218-8333,24.878962536023053
95.216.238.2-8333,25.5
95.216.242.53-12853,25.795454545454547
95.216.3.111-8333,25.341772151898734
95.216.36.239-8333,25.0
95.216.41.170-8333,26.0
95.216.41.228-8333,25.430635838150287
95.216.47.4-8333,25.554285714285715
95.216.53.163-8333,25.2
95.216.78.249-8333,26.7
95.216.97.16-8333,26.091922005571032
95.216.98.26-8333,26.48076923076923
95.217.10.7-8333,25.878186968838527
95.217.109.218-8333,25.07076923076923
95.217.113.212-8333,25.65
95.217.120.190-8333,26.77777777777778
95.217.121.30-8333,25.22012578616352
95.217.121.97-8335,25.32
95.217.183.221-8333,28.75
95.217.195.91-8333,25.15228426395939
95.217.197.206-8333,25.322259136212626
95.217.205.27-8333,25.06040268456376
95.217.213.50-8335,25.38216560509554
95.217.36.126-8333,28.333333333333332
95.217.59.181-8333,25.917293233082706
95.217.62.34-8333,26.170731707317074
95.217.78.80-8333,25.186781609195403
95.217.96.83-8333,30.2
95.222.97.149-8333,27.233333333333334
95.28.248.136-8333,48.5
95.79.35.133-8333,49.63112391930836
95.85.254.28-8333,126.51851851851852
95.90.107.69-8333,1175.75
96.22.82.34-8333,109.8871473354232
96.224.221.80-8333,106.25
96.227.90.238-8333,100.4
96.228.28.74-8333,108.3157894736842
96.231.145.254-8333,111.36764705882354
96.255.139.230-8333,102.75
96.35.46.186-8333,142.0
96.57.248.252-8333,164.32417582417582
96.59.36.89-8333,133.6
96.70.131.173-8333,105.04347826086956
96.79.125.33-8333,175.3984375
96.80.134.78-8333,104.0
97.113.27.233-8333,164.6086956521739
97.124.41.145-8333,149.45454545454547
97.69.166.228-8333,127.33333333333333
97.93.59.56-8333,168.1904761904762
97.99.205.169-8333,135.32
98.11.142.34-8333,125.17073170731707
98.17.20.170-8333,115.16666666666667
98.170.208.161-8333,127.70967741935483
98.206.83.97-8333,125.375
98.245.161.239-8333,138.1818181818182
98.249.181.77-8333,138.6
98.32.83.73-8333,172.7
98.35.206.220-8333,165.4
98.37.113.232-8333,168.35714285714286
98.38.136.46-8333,236.69230769230768
98.5.4.22-8333,1246.0
99.192.41.156-8333,122.5
99.199.39.235-8333,160.625
99.2.23.230-8333,137.0197628458498
99.228.62.2-8333,123.95238095238095
99.233.162.27-8333,140.79166666666666
a4ln2cwzwdnazkkn.onion-8333,144.0
a5te66l6ha3x2l33.onion-8333,822.5
abkndzjbsb6jge6u.onion-8333,555.0
adrldxbqbn5qc6en.onion-8333,445.0
afdttem6gemw54oa.onion-8333,986.5
afwtjovfhrwhm2hj.onion-8333,557.5
ajjnxnxjtx6ci4cp.onion-8333,29142.333333333332
ajxwu5zvwvsjrdry.onion-8333,418.58620689655174
asnsm7nsj5xkxuuj.onion-8333,217.0
avqobl72pmc64dyi.onion-8333,379.25
awuvmifsunuhwmcr.onion-8333,413.46938775510205
axmb3kkevlt64xb2.onion-8333,329.5
b2gidd2vxogu2g6l.onion-8333,421.0
b2vka3oiwwlyikjl.onion-8333,514.0
b35epj7c7dojhjc5.onion-8333,293.0
b3lo52jzkrxf5boi.onion-8333,586.3333333333334
b7zpu25xgfp2j2iz.onion-8333,375.3333333333333
bddfqxps5ibd3ftw.onion-8333,372.375
bdjtlhhw2pybyvwi.onion-8333,483.6896551724138
bebcwmck3v25qrp3.onion-8333,400.0
bfv6xsv74fim4hhy.onion-8333,256.0
bgevzbs35gv4yd6y.onion-8333,559.5
bk5ejfe56xakvtkk.onion-8333,388.8125
bkdea5wntdojxtku.onion-8333,259.0
blcktrgve5vetjsk.onion-8333,385.75
blwbp7gfdffdsx4g.onion-8333,353.4166666666667
blxq45qubumvzi3d.onion-8333,490.2352941176471
bnmbmnq7zjvrrao7.onion-8333,764.25
bpvdce7fhfuxjjh7.onion-8333,340.0
bqdeaacsmmosx34k.onion-8333,392.0
bufclvmaib5oxwzg.onion-8333,353.0
bvrrpkyiwmdsi5gl.onion-8333,484.25
bx4mg7hg5xsemsm4.onion-8333,435.0
bxbx7dubegzmtmls.onion-8333,845.0
bys6pkkg6s2ce5fj.onion-8333,676.0
bz4xejklhw4kqooi.onion-8333,435.5
c3a4flc35bqzx6pp.onion-8333,619.1
ccepmqjro3hvxhpm.onion-8333,452.42857142857144
ccsxjpkizvi2rf56.onion-8333,452.0
cdcdhy2ypchzd7gz.onion-8333,473.25
cea6d74sj5f2zu37.onion-8333,415.0
chczikujxk5augft.onion-8333,356.0
cmbosvl47eyvxz6t.onion-8333,667.0
coswmeks2u2k6efb.onion-8333,900.0
cqhbpuhizvcmcwvj.onion-8333,616.5
d4si742mmi3tem26.onion-8333,270.6
dcekj5ez5wxrtj6n.onion-8333,457.6666666666667
ddivo3bxxmaweb3q.onion-8333,534.4545454545455
dhwhwvwuu3to4vgi.onion-8333,1018.0
difsuiu7buz3664f.onion-8333,479.25
dtorjhbck4jzbrjs.onion-8333,408.72222222222223
dtvexp7dw2dy6ttu.onion-8333,764.0
e2gj3fovbdku3rgb.onion-8333,379.95454545454544
e4qnvvgsbt5vypjl.onion-8333,521.5454545454545
e56vzim6ulciz727.onion-8333,562.5
e5tvvnqgx4upgcnm.onion-8333,442.42857142857144
ebcejimmochw62xt.onion-8333,391.0
ebwahqqz6asra4et.onion-8333,666.5
edlmryopwvefcskydnyhkw7f25bhsulrpm46kkq3334ycpi5glvlxjyd.onion-8333,247.0
eg7hu2bp7xiekq6s.onion-8333,392.0
egob5mlhbmrlup6c.onion-8333,603.1666666666666
ei5i2hgpxkf6n3kc.onion-8333,616.6666666666666
ejmrdimxnirlpeyz.onion-8333,334.0
en3fpy7ma3th7gh7.onion-8333,412.3333333333333
epe7psdlddl2juox.onion-8333,698.3333333333334
ephxcvodk5mmzise.onion-8333,434.0
eue2n5sk5tktg5bv.onion-8333,519.2307692307693
eufskty3yxrxc6sx.onion-8333,491.0
evmqcc3w3jzqvbuz.onion-8333,506.875
eytlnnyoivmaqccw.onion-8333,455.25
f2gr2gh2ka2rezru.onion-8333,611.0
f4fn6wnvgzmzm6ji.onion-8333,489.85714285714283
f4vjfsn7jt7jodfk.onion-8333,531.0
fbedbo6zhj5b2gol.onion-8333,281.6296296296296
fg4smb253abfy4tb.onion-8333,543.0
fgu6tuow5jue6gas.onion-8333,372.4
fkvqmjzk2ydmurye.onion-8333,228.0
fmirxgf7wjjj237v.onion-8333,509.7
fowjq3vcn6rgx2et.onion-8333,343.14285714285717
fut46kl2ius3he3e4l2w3f4epxp6sizzupoe6pc2kndjzqals6mtq4ad.onion-8333,401.0
fzsvqswkvmh7j5uh.onion-8333,770.4285714285714
g5eqrb4bwlbwtwmx.onion-8333,473.0
g6yqfcqv3ucgdute.onion-8333,432.0
gby767qi52cvjg3d.onion-8333,395.0
gdiyxl2ilf3s4slv.onion-8333,595.5
gdtbpc7pu6fkylcl.onion-8333,261.0
gdzvtcob55sreba2.onion-8333,632.3333333333334
gf6xyhuo7oubmjih.onion-8333,539.6666666666666
gibgy6nieebjpqqr.onion-8333,491.6666666666667
giebmbohbf5ucak6.onion-8333,527.25
gjcxxzn3tesx4t7o.onion-8333,278.2
gkwapkodchowjr4q.onion-8333,564.0
gljnrit5pz45f6fn.onion-8333,622.0
glydcpeosnm6b4hk.onion-8333,456.6923076923077
grbwukzkntqplwxc.onion-8333,452.5
gwdvpsdtx6yo5sbq.onion-8333,498.3333333333333
gx3ov7soyfnvzepb.onion-8333,476.0
gxuzdti7qqjeet5d.onion-8333,442.6666666666667
gye2333e3qfsgxmj.onion-8333,255.5
gyixgf5ivlhgk3tl.onion-8333,352.0
h2iqdczgzqgrgiia.onion-8333,879.25
h5qz3tm3svd5d7mr.onion-8333,607.4
h6ubv5voci2wxpra.onion-8333,414.6666666666667
hckirmwz4sfxx7vx.onion-8333,390.8
hda6msa4v4rt77gx.onion-8333,524.0
hizn6rmofsg3upmn.onion-8333,500.5
hn5i6oca3lemo6zl.onion-8333,565.1428571428571
hroumt5p4kzi5p4c.onion-8333,456.875
hsvgnee427hbykjv.onion-8333,679.0
hucac2z74zsvngw6.onion-8333,352.6666666666667
hzbmhpj4we75ap37.onion-8333,302.75
i3a5xtzfm4xwtybd.onion-8333,681.5
iaw35t4r73hx5bdz.onion-8333,837.0
ibfesnladfp6fx7k.onion-8333,843.0
ifmgotvnhcoat6qh.onion-8333,275.875
ijwaqu3y6p6phd56.onion-8333,564.5
ilqsngctmefrsqcb.onion-8333,257.6666666666667
imanilp3tvppydjh.onion-8333,461.4
inbdgmbqk256cihs.onion-8333,353.25
inv262c462xeys6l.onion-8333,481.0
ipbfl65jedbil3kv.onion-8333,401.0
iusfiojgbyxhluk2.onion-8333,705.3333333333334
ixoxumen3kgumzg5.onion-8333,376.1666666666667
iy2jghv2paznxuor.onion-8333,427.43243243243245
iy33mdfp67cwj6lj.onion-8333,749.0
iz6stx362fouvd2s.onion-8333,466.0
j4ceme5hs7bcpvku.onion-8333,21752.4
j4y7h7rod3q5dcjn.onion-8333,317.0
jchs5ihgzyynnz3c.onion-8333,541.6666666666666
jd2rpyp6nvcf2nkw.onion-8333,898.0
jd7o632r24vdzguv.onion-8333,290.3333333333333
jinwdafwsxun5zki.onion-8333,650.3333333333334
jjrsewwt7sqkfnvu.onion-8333,361.5
jkehaudeuzjwqmii.onion-8333,521.25
jrutp6wnhpwl4vuh.onion-8333,787.3333333333334
jtksnokusbzms7wl.onion-8333,793.7297297297297
jzcl2zyylyccqqgc.onion-8333,774.7741935483871
k2hyxte2zmjib7iy.onion-8333,368.3333333333333
k4srtlnrr3mupdrt.onion-8333,398.0
kavhbptm33bmihrh.onion-8333,254.0
kbpkhsmpxy7gkkxk.onion-8333,668.0
kdb6ifi7vexixjzi.onion-8333,855.4
kfin2t2pcena32fl.onion-8333,364.5
kg53vfns7i3fevd4.onion-8333,532.5
kh4dorspd6jtkbmy.onion-8333,288.46666666666664
kjag6yhpjgzratvo.onion-8333,596.0
kl5egctv5nsjknhm.onion-8333,273.4
kn4eax5hyyw2o4jc.onion-8333,650.3333333333334
kpwm7katynn7e5qu.onion-8333,11355.0
krvtkvzmtyputxej.onion-8333,596.0
ksjxgf6flzqor7y2.onion-8333,554.0
kso3a757lf4az7hf.onion-8333,439.8333333333333
kv75htwbvhkshwep.onion-8333,338.8333333333333
l3i45mq3ivb3fmbo.onion-8333,503.4736842105263
l3tx5qmb5qvpqpry.onion-8333,964.0
l5gmrrytnmwghqru.onion-8333,268.5
l7cy45vid6htv6r5.onion-8333,533.1818181818181
lesyvt7uj2io6cmwq6huptcjzeu6ntoaay7ouqubruzvilgs3bf2ybqd.onion-8333,240.0
lhevfhscubzglzef.onion-8333,523.2
lhuw2fuupjznd4s7.onion-8333,524.25
ljwotfy7ob24k2tk.onion-8333,404.5
lui64azatohnpcqe.onion-8333,664.3333333333334
luscyhn2fye63ltr.onion-8333,255.5
lvkamz2dcbagff5d.onion-8333,318.2
lyz4r5adnz6pxxrt.onion-8333,446.75
lz2zlnmyynwtgwf2.onion-8333,614.2857142857143
m2w5tladxs6rblb2.onion-8333,436.8
m5fise3xvelh2xoz.onion-8333,480.30434782608694
mbigfptiuzhudnoj.onion-8333,315.0
mc2y5rvzdao2mrxm.onion-8333,382.5
mcofqa5enwn35rzu.onion-8333,378.0
mcylndlgihafo3r6.onion-8333,427.5
mdte2do4t5pehjif.onion-8333,265.0
mfzblycvz3jofyl3.onion-8333,339.3333333333333
mm53aiojib65p7mt.onion-8333,358.15384615384613
mphjt6laprq363ir.onion-8333,332.44444444444446
mr5nkdyava3tayda.onion-8333,501.8
mueh5t65dvbke3sa.onion-8333,467.625
mxdtrjhe2yfsx3pg.onion-8333,402.8
nc6xlmt2rz4labij.onion-8333,425.3333333333333
nglic6ohpvoxnel7.onion-8333,712.5
nh2f5awptvzy3wvj.onion-8333,684.0
njlsvubildehluwr.onion-8333,359.84
nmmzkddhbm4w3pjd.onion-8333,425.3
noloef5laq5xmkx5.onion-8333,425.0
ntxpsksvqmiomm7j.onion-8333,365.258064516129
nzvn3cmcekdu3kou.onion-8333,498.6111111111111
oejmvzcy3oukekvi.onion-8333,361.6
ogjpukmw3w6l5wmt.onion-8333,141.0
olsv5mgsxgn43mh4.onion-8333,382.0
omiiufezmxw4jpkb.onion-8333,350.8
oo6qrnyymcyl4mw7.onion-8333,554.3333333333334
osldwl6opeffhl26.onion-8333,263.5
ow6aw5hjas7tpjjm.onion-8333,492.0
owywgmnzt7u4z7d3.onion-8333,290.0
ox4j6wbi334ut4qg.onion-8333,568.0
oxcbo5vwdon34hda.onion-8333,631.0
p5we5zntjdepp44l.onion-8333,372.5
p5wr5xn25bidf7hk.onion-8333,670.5
pf7vj7mr42k35zvn.onion-8333,437.9375
pj25ah642bssnrie.onion-8333,258.6666666666667
pjgufj6gts2zgqco.onion-8333,455.0
pqgjz5umvfmwucoh.onion-8333,382.55555555555554
pva2zih3bl7cwy7c.onion-8333,398.5
pvwzyb3jxkujnyrv.onion-8333,379.0
q5f5jkoiiupphhne.onion-8333,562.6666666666666
qcw5rsnirsxiqurs.onion-8333,566.0
qd24iacca2blkurk.onion-8333,360.0
qf35p7uncbyygkgd.onion-8333,303.0
qfbi2smncxwpvngb.onion-8333,417.27777777777777
qfyca3b5c5n3z4cj.onion-8333,211.33333333333334
qg6l7ykwbdxnnvdl.onion-8333,248.0
qgcinh7msbg3aayb.onion-8333,645.0
qhurfs7xq5ttt3gw.onion-8333,379.1111111111111
qigouqk2mmupvw3u.onion-8333,574.0
qn64w4cfix5ftiq3.onion-8333,365.875
qrzqfxkhrmu5v5ro.onion-8333,402.5
qwajv7qvz4fxje7x.onion-8333,313.2
qx3tbbxtn6mfpy7z.onion-8333,581.0
qxpf4xxhw75d5uza.onion-8333,590.4
r2fd77lhiwcq6eeu.onion-8333,434.6666666666667
r3sf43if7ca7eoda.onion-8333,334.0
r56hsglu25n4v7yi.onion-8333,420.0
r6z2gcsu37k3gaah.onion-8333,583.5555555555555
rdiqh7yngp4wmzxl.onion-8333,305.5
recgbzfmpnq6ym27.onion-8333,274.375
rfbpdzshpe7mevxw.onion-8333,323.3333333333333
rfbyljnmoteg27un.onion-8333,540.0
rhpchjigxuvilioy.onion-8333,508.0
rocqatkcxfurhfwo.onion-8333,524.7428571428571
rovgip2brcfke45g.onion-8333,312.5
roxdbh34qlmq4gnh.onion-8333,547.5
rqa2kwhkrr3g7z6b.onion-8333,257.0
rqo5z6mle45lr6rw.onion-8333,481.09090909090907
rqskm6m4ivqsc7gh.onion-8333,475.0
rrmxf47tjxrzfkjo.onion-8333,759.0
rvj72dhagy27rc64.onion-8333,512.6875
rw7s2yoscmi5hgna.onion-8333,474.6666666666667
rwvcnbar3hsjnknx.onion-8333,548.6666666666666
rxnltr6vqmthpfoa.onion-8333,526.0
sbzblqyg5uwz4xz7.onion-8333,697.0
sfxgfootu7lmwkfw.onion-8333,458.54545454545456
siniqqhk3dn2r7k4.onion-8333,347.75
sit2lp3dzkkwx3xa.onion-8333,536.7142857142857
slxg3yczhgliy3po.onion-8333,1135.8333333333333
smdd7q7gonajdmjq.onion-8333,550.5
smnof4bkvjf2x6af.onion-8333,395.6
snsqv2mcod7yl5x7.onion-8333,325.0
so7mu6k5a4ul2ggv.onion-8333,620.0
sofi5qtdsde4r43x.onion-8333,386.0
sovc7s7h5q5hlh4q.onion-8333,359.8837209302326
sp7c5dxjstrle6hf.onion-8333,942.0
stcwaszw352kkjis.onion-8333,499.0
stt6nqynlu24jmwy.onion-8333,338.75
sw6fvydx4wgv6pur.onion-8333,286.0
t26rer7gmuzhpbmr.onion-8333,836.5
t6jrpiccqa2f6thi.onion-8333,703.5
tb5yupy7d5q6oe77.onion-8333,353.0
tbapzkzca7tm4vw5.onion-8333,580.0
thx4p6abeyrumd25.onion-8333,694.6666666666666
tjvizodbwvz6wi3a.onion-8333,469.5
tlnj6dhbutw4xozh.onion-8333,349.0
tm42grn3th6hy635.onion-8333,349.0
tmykvsyrvevatgs7.onion-8333,409.2
trg2xco7iky5yyky.onion-8333,543.6666666666666
ttffu7bvr3cdh63b.onion-8333,490.0
tx2ta6hexusqmirg.onion-8333,599.6666666666666
u3o5gqgdonv5uj7n.onion-8333,249.33333333333334
u42e2xd63r3vvgh7.onion-8333,337.7692307692308
ueevnpqp4f23szbj.onion-8333,238.0
ueszguu3qanzvy6h.onion-8333,345.0
uexrbrimpw3byvcd.onion-8333,405.3333333333333
ufj6qbrw3x7s2337.onion-8333,325.6666666666667
uhqdn5ugpo7ch45t.onion-8333,789.5
ui553qotd6ron3rf.onion-8333,247.0
ujsw4yiv3cnalwp3.onion-8333,552.5
ukqsgflrcugjw2tk.onion-8333,266.3333333333333
undd7rsj4pen3wo4.onion-8333,289.0
urg24s2kox276cxq.onion-8333,498.6666666666667
utnobndfmfymr5yi.onion-8333,380.0
uubtotjo7b332fzb.onion-8333,1691.5
uuouwuw2itch537i.onion-8333,344.6666666666667
uwy3ymetsckrk2km.onion-8333,504.3333333333333
v2kdcetvslmdfcwr.onion-8333,573.3333333333334
v2vwau6gyjdxmoxl.onion-8333,336.2857142857143
v5ch2j3xzicg4om7.onion-8333,459.75
vf3dmwiocajufarg.onion-8333,605.2666666666667
vhcpbguufnvkf6kp.onion-8333,654.775
vhq5ezdjiaxxeug3.onion-8333,280.0
vsbwood73l7a6uv6.onion-8333,991.0
vtpwljrpexljsiig.onion-8333,516.3684210526316
vvnilqw7mmpiymtd.onion-8333,525.5
w33vuokuovntlxgw.onion-8333,474.5
w64ecpsu6qcle56g.onion-8333,385.0
w6ncrw3buknnz6rl.onion-8333,279.0
w7xyghwakusv37u2.onion-8333,454.6666666666667
wagunbyikudelpvy.onion-8333,624.2
wahaipny4oajxsae.onion-8333,462.0
wahjf5o6pctm6mok.onion-8333,297.0
we7hr4p2yrugk577.onion-8333,538.0526315789474
wemkid2kr7vmtt7a.onion-8333,448.3333333333333
wfa53ftqirl5xteo.onion-8333,336.3333333333333
wgprn6wecxwxizal.onion-8333,235.5
wkrtdojreqrhryho.onion-8333,736.75
wnru6hbw24h2dlov.onion-8333,590.4
wnuyd54kc7ibmjl7.onion-8333,436.6923076923077
wpvksrcm6qghhjsf.onion-8333,488.5
ww3woycgzlbtvyt4.onion-8333,396.0
wx77bzz5ukq5lxmw.onion-8333,465.75
wyh6ovwagni4wyja.onion-8333,549.7142857142857
x4w5clhoodqidkkb.onion-8333,500.22222222222223
x52m5d2rl3mfl26k.onion-8333,456.6818181818182
x75xs7emsrj3oaje.onion-8333,926.0
x7gk73aft5g2etjp.onion-8333,310.6666666666667
xalnjmqcjkig6dmi.onion-8333,727.1428571428571
xcodhmqanrmflhh4.onion-8333,407.0
xdtc4db2if4l3phm.onion-8333,400.4
xgi2kdvidlglar65.onion-8333,366.5
xk6qrqiertaqjusf.onion-8333,320.0
xksc4xtn26n2l336.onion-8333,431.0
xmneug3i56y42mpt.onion-8333,381.42857142857144
xnn2x7274kiymxm2.onion-8333,436.0
xqjpnpc4nelclexc.onion-8333,255.66666666666666
xqrr5gfhshns3gpw.onion-8333,143.33333333333334
xs36a5xkdm3q2whl.onion-8333,565.5
xu55yubthl57iula.onion-8333,705.3333333333334
xv3doh5a2pi72z7u.onion-8333,540.6666666666666
xvgdglfolfexwnub.onion-8333,515.2
xwbwqq3vwbdjfysw.onion-8333,547.7142857142857
xwlgh337zo44rvhj.onion-8333,657.5
xx4nazgyb5efogwj.onion-8333,434.3333333333333
xxnfw5shgmvdpbwx.onion-8333,1189.8333333333333
y3kj7djc2a4dbz4j.onion-8333,398.5
ya4t7iqugt5xeigp.onion-8333,726.0
yi7nqgog456urioe.onion-8333,488.92857142857144
yl7jovilcaqcr4j5.onion-8333,754.8
yq4ll6lgmsnsbotf.onion-8333,645.5
yqjfnruxwv33t35d.onion-8333,397.6666666666667
yqpbipc3uot6undd.onion-8333,365.8
yrdgzzmfdaerji3k.onion-8333,471.6666666666667
yrls64atdq2rbxxj.onion-8333,408.5
yw4fw2kay2zajnoc.onion-8333,572.0
ywp2nri6d3lzrx3y.onion-8333,441.5
z46nfwzdeg2smioh.onion-8333,1116.0
z6me7rjnbz3hei7l.onion-8333,746.0
zaloqylvx7rlwtwi.onion-8333,459.3
zbqtzn2chv3d3wrc.onion-8333,363.7142857142857
zcdi5qsuwx6qjftk.onion-8333,459.3333333333333
zcoxv2ufs5niafzq.onion-8333,459.8333333333333
ze5hd46qi5odx3mu.onion-8333,2042.5
zepi37xln2ncyvxm.onion-8333,1025.5714285714287
zfibmscwlny3l2sf.onion-8333,375.93333333333334
zg4k3crofpqwl6s6.onion-8333,663.0
zgm2nfrzvyz6qsoe.onion-8333,499.0
znuhi7r36uubejfc.onion-8333,430.5
zpv4jyh4yeqirity.onion-8333,497.2
zquhpsv33u3o4ztm.onion-8333,592.5
zrnb46rn6ziwpbxs.onion-8333,235.0
ztgkyr3mth5ddxjt.onion-8333,211.25
zyuqlbljw3n2zcik.onion-8333,518.0
